2026-08-12 09:07:04 +0000 [MT] Initial pipeline context: <IDEDistributionProcessingPipelineContext: 0x74e8bfd200; archive(resolved)="<IDEArchive: 0x74e861fe90>", distributionTask(resolved)="2", distributionDestination(resolved)="1", distributionMethod(resolved)="<IDEDistributionMethodDevelopmentSigned: 0x74e61a8d10>", team(resolved)="<IDEProvisioningBasicTeam: 0x74e899cc80; teamID='YSFC9459UY', teamName='(null)'>">
	Chain (14, self inclusive):
	<IDEDistributionProcessingPipelineContext: 0x74e8bfd200; archive = "<IDEArchive: 0x74e861fe90>", distributionMethod="<IDEDistributionMethodDevelopmentSigned: 0x74e61a8d10>", team="<IDEProvisioningBasicTeam: 0x74e899cc80; teamID='YSFC9459UY', teamName='(null)'>">
	<IDEDistributionProcessingPipelineContext: 0x74e8bfcf00; archive = "<IDEArchive: 0x74e861fe90>", distributionMethod="<IDEDistributionMethodDevelopmentSigned: 0x74e61a8d10>", team="<IDEProvisioningBasicTeam: 0x74e899cc80; teamID='YSFC9459UY', teamName='(null)'>">
	<IDEDistributionContext: 0x74e6052580; archive = "<IDEArchive: 0x74e861fe90>", distributionMethod="<IDEDistributionMethodDevelopmentSigned: 0x74e61a8d10>", team="<IDEProvisioningBasicTeam: 0x74e899cc80; teamID='YSFC9459UY', teamName='(null)'>">
	<IDEDistributionContext: 0x74e6052080; archive = "<IDEArchive: 0x74e861fe90>", distributionMethod="<IDEDistributionMethodDevelopmentSigned: 0x74e61a8d10>", team="<IDEProvisioningBasicTeam: 0x74e899cc80; teamID='YSFC9459UY', teamName='(null)'>">
	<IDEDistributionContext: 0x74e6051e00; archive = "<IDEArchive: 0x74e861fe90>", distributionMethod="<IDEDistributionMethodDevelopmentSigned: 0x74e61a8d10>", team="<IDEProvisioningBasicTeam: 0x74e899cc80; teamID='YSFC9459UY', teamName='(null)'>">
	<IDEDistributionContext: 0x74e6051b80; archive = "<IDEArchive: 0x74e861fe90>", distributionMethod="<IDEDistributionMethodDevelopmentSigned: 0x74e61a8d10>", team="<IDEProvisioningBasicTeam: 0x74e899cc80; teamID='YSFC9459UY', teamName='(null)'>">
	<IDEDistributionContext: 0x74e6051900; archive = "<IDEArchive: 0x74e861fe90>", distributionMethod="<IDEDistributionMethodDevelopmentSigned: 0x74e61a8d10>", team="<IDEProvisioningBasicTeam: 0x74e899cc80; teamID='YSFC9459UY', teamName='(null)'>">
	<IDEDistributionContext: 0x74e6051680; archive = "<IDEArchive: 0x74e861fe90>", distributionMethod="<IDEDistributionMethodDevelopmentSigned: 0x74e61a8d10>", team="<IDEProvisioningBasicTeam: 0x74e899cc80; teamID='YSFC9459UY', teamName='(null)'>">
	<IDEDistributionContext: 0x74e6051400; archive = "<IDEArchive: 0x74e861fe90>", distributionMethod="<IDEDistributionMethodDevelopmentSigned: 0x74e61a8d10>", team="<IDEProvisioningBasicTeam: 0x74e899cc80; teamID='YSFC9459UY', teamName='(null)'>">
	<IDEDistributionContext: 0x74e6051180; archive = "<IDEArchive: 0x74e861fe90>", distributionMethod="<IDEDistributionMethodDevelopmentSigned: 0x74e61a8d10>", team="(null)">
	<IDEDistributionContext: 0x74e6050f00; archive = "<IDEArchive: 0x74e861fe90>", distributionMethod="<IDEDistributionMethodDevelopmentSigned: 0x74e61a8d10>", team="(null)">
	<IDEDistributionContext: 0x74e6050c80; archive = "<IDEArchive: 0x74e861fe90>", distributionMethod="<IDEDistributionMethodDevelopmentSigned: 0x74e61a8d10>", team="(null)">
	<IDEDistributionContext: 0x74e6050000; archive = "<IDEArchive: 0x74e861fe90>", distributionMethod="<IDEDistributionMethodDevelopmentSigned: 0x74e61a8d10>", team="(null)">
	<IDEDistributionContext: 0x105269ec0; archive = "<IDEArchive: 0x74e861fe90>", distributionMethod="(null)", team="(null)">
</IDEDistributionProcessingPipelineContext: 0x74e8bfd200>
2026-08-12 09:07:04 +0000 [MT] Processing step: IDEDistributionCreateDestRootStep
2026-08-12 09:07:04 +0000 [MT] Processing step: IDEDistributionCopyItemStep
2026-08-12 09:07:04 +0000 [MT] Running /usr/bin/ditto '-V' '/Users/zac/Documents/GitHub/OverPar/build/OverPar.xcarchive/Products/Applications/OverPar.app' '/var/folders/lk/h8sdlmxx2c90k1djh_9n50pr0000gn/T/XcodeDistPipeline.~~~OyuXTf/Root/Payload/OverPar.app'
2026-08-12 09:07:04 +0000  >>> Copying /Users/zac/Documents/GitHub/OverPar/build/OverPar.xcarchive/Products/Applications/OverPar.app 
2026-08-12 09:07:04 +0000  copying file ./_CodeSignature/CodeResources ... 
2026-08-12 09:07:04 +0000  122745 bytes for ./_CodeSignature/CodeResources
2026-08-12 09:07:04 +0000  copying file ./AppIcon60x60@2x.png ... 
2026-08-12 09:07:04 +0000  12247 bytes for ./AppIcon60x60@2x.png
copying file ./OverPar ... 
2026-08-12 09:07:05 +0000  13517136 bytes for ./OverPar
2026-08-12 09:07:05 +0000  copying file ./Assets.car ... 
2026-08-12 09:07:05 +0000  3154280 bytes for ./Assets.car
2026-08-12 09:07:05 +0000  copying file ./GoogleMaps_GoogleMapsTarget.bundle/GoogleMaps.bundle/de.lproj/MapsSDKAccessibility.strings ... 
2026-08-12 09:07:05 +0000  152 bytes for ./GoogleMaps_GoogleMapsTarget.bundle/GoogleMaps.bundle/de.lproj/MapsSDKAccessibility.strings
2026-08-12 09:07:05 +0000  copying file ./GoogleMaps_GoogleMapsTarget.bundle/GoogleMaps.bundle/bubble_left@3x.png ... 
2026-08-12 09:07:05 +0000  2386 bytes for ./GoogleMaps_GoogleMapsTarget.bundle/GoogleMaps.bundle/bubble_left@3x.png
2026-08-12 09:07:05 +0000  copying file ./GoogleMaps_GoogleMapsTarget.bundle/GoogleMaps.bundle/bubble_left.png ... 
2026-08-12 09:07:05 +0000  451 bytes for ./GoogleMaps_GoogleMapsTarget.bundle/GoogleMaps.bundle/bubble_left.png
2026-08-12 09:07:05 +0000  copying file ./GoogleMaps_GoogleMapsTarget.bundle/GoogleMaps.bundle/he.lproj/MapsSDKAccessibility.strings ... 
2026-08-12 09:07:05 +0000  151 bytes for ./GoogleMaps_GoogleMapsTarget.bundle/GoogleMaps.bundle/he.lproj/MapsSDKAccessibility.strings
2026-08-12 09:07:05 +0000  copying file ./GoogleMaps_GoogleMapsTarget.bundle/GoogleMaps.bundle/en_AU.lproj/MapsSDKAccessibility.strings ... 
2026-08-12 09:07:05 +0000  152 bytes for ./GoogleMaps_GoogleMapsTarget.bundle/GoogleMaps.bundle/en_AU.lproj/MapsSDKAccessibility.strings
2026-08-12 09:07:05 +0000  copying file ./GoogleMaps_GoogleMapsTarget.bundle/GoogleMaps.bundle/ar.lproj/MapsSDKAccessibility.strings ... 
2026-08-12 09:07:05 +0000  215 bytes for ./GoogleMaps_GoogleMapsTarget.bundle/GoogleMaps.bundle/ar.lproj/MapsSDKAccessibility.strings
2026-08-12 09:07:05 +0000  copying file ./GoogleMaps_GoogleMapsTarget.bundle/GoogleMaps.bundle/el.lproj/MapsSDKAccessibility.strings ... 
2026-08-12 09:07:05 +0000  201 bytes for ./GoogleMaps_GoogleMapsTarget.bundle/GoogleMaps.bundle/el.lproj/MapsSDKAccessibility.strings
2026-08-12 09:07:05 +0000  copying file ./GoogleMaps_GoogleMapsTarget.bundle/GoogleMaps.bundle/ja.lproj/MapsSDKAccessibility.strings ... 
2026-08-12 09:07:05 +0000  173 bytes for ./GoogleMaps_GoogleMapsTarget.bundle/GoogleMaps.bundle/ja.lproj/MapsSDKAccessibility.strings
2026-08-12 09:07:05 +0000  copying file ./GoogleMaps_GoogleMapsTarget.bundle/GoogleMaps.bundle/sq.lproj/MapsSDKAccessibility.strings ... 
2026-08-12 09:07:05 +0000  211 bytes for ./GoogleMaps_GoogleMapsTarget.bundle/GoogleMaps.bundle/sq.lproj/MapsSDKAccessibility.strings
2026-08-12 09:07:05 +0000  copying file ./GoogleMaps_GoogleMapsTarget.bundle/GoogleMaps.bundle/en.lproj/MapsSDKAccessibility.strings ... 
2026-08-12 09:07:05 +0000  152 bytes for ./GoogleMaps_GoogleMapsTarget.bundle/GoogleMaps.bundle/en.lproj/MapsSDKAccessibility.strings
2026-08-12 09:07:05 +0000  copying file ./GoogleMaps_GoogleMapsTarget.bundle/GoogleMaps.bundle/uk.lproj/MapsSDKAccessibility.strings ... 
2026-08-12 09:07:05 +0000  205 bytes for ./GoogleMaps_GoogleMapsTarget.bundle/GoogleMaps.bundle/uk.lproj/MapsSDKAccessibility.strings
2026-08-12 09:07:05 +0000  copying file ./GoogleMaps_GoogleMapsTarget.bundle/GoogleMaps.bundle/es_419.lproj/MapsSDKAccessibility.strings ... 
2026-08-12 09:07:05 +0000  192 bytes for ./GoogleMaps_GoogleMapsTarget.bundle/GoogleMaps.bundle/es_419.lproj/MapsSDKAccessibility.strings
2026-08-12 09:07:05 +0000  copying file ./GoogleMaps_GoogleMapsTarget.bundle/GoogleMaps.bundle/zh_CN.lproj/MapsSDKAccessibility.strings ... 
2026-08-12 09:07:05 +0000  137 bytes for ./GoogleMaps_GoogleMapsTarget.bundle/GoogleMaps.bundle/zh_CN.lproj/MapsSDKAccessibility.strings
2026-08-12 09:07:05 +0000  copying file ./GoogleMaps_GoogleMapsTarget.bundle/GoogleMaps.bundle/nb.lproj/MapsSDKAccessibility.strings ... 
2026-08-12 09:07:05 +0000  201 bytes for ./GoogleMaps_GoogleMapsTarget.bundle/GoogleMaps.bundle/nb.lproj/MapsSDKAccessibility.strings
2026-08-12 09:07:05 +0000  copying file ./GoogleMaps_GoogleMapsTarget.bundle/GoogleMaps.bundle/es.lproj/MapsSDKAccessibility.strings ... 
2026-08-12 09:07:05 +0000  165 bytes for ./GoogleMaps_GoogleMapsTarget.bundle/GoogleMaps.bundle/es.lproj/MapsSDKAccessibility.strings
2026-08-12 09:07:05 +0000  copying file ./GoogleMaps_GoogleMapsTarget.bundle/GoogleMaps.bundle/sw.lproj/MapsSDKAccessibility.strings ... 
2026-08-12 09:07:05 +0000  153 bytes for ./GoogleMaps_GoogleMapsTarget.bundle/GoogleMaps.bundle/sw.lproj/MapsSDKAccessibility.strings
2026-08-12 09:07:05 +0000  copying file ./GoogleMaps_GoogleMapsTarget.bundle/GoogleMaps.bundle/pt_BR.lproj/MapsSDKAccessibility.strings ... 
2026-08-12 09:07:05 +0000  211 bytes for ./GoogleMaps_GoogleMapsTarget.bundle/GoogleMaps.bundle/pt_BR.lproj/MapsSDKAccessibility.strings
2026-08-12 09:07:05 +0000  copying file ./GoogleMaps_GoogleMapsTarget.bundle/GoogleMaps.bundle/da.lproj/MapsSDKAccessibility.strings ... 
2026-08-12 09:07:05 +0000  209 bytes for ./GoogleMaps_GoogleMapsTarget.bundle/GoogleMaps.bundle/da.lproj/MapsSDKAccessibility.strings
2026-08-12 09:07:05 +0000  copying file ./GoogleMaps_GoogleMapsTarget.bundle/GoogleMaps.bundle/bubble_left@2x.png ... 
2026-08-12 09:07:05 +0000  1055 bytes for ./GoogleMaps_GoogleMapsTarget.bundle/GoogleMaps.bundle/bubble_left@2x.png
2026-08-12 09:07:05 +0000  copying file ./GoogleMaps_GoogleMapsTarget.bundle/GoogleMaps.bundle/it.lproj/MapsSDKAccessibility.strings ... 
2026-08-12 09:07:05 +0000  170 bytes for ./GoogleMaps_GoogleMapsTarget.bundle/GoogleMaps.bundle/it.lproj/MapsSDKAccessibility.strings
2026-08-12 09:07:05 +0000  copying file ./GoogleMaps_GoogleMapsTarget.bundle/GoogleMaps.bundle/sk.lproj/MapsSDKAccessibility.strings ... 
2026-08-12 09:07:05 +0000  209 bytes for ./GoogleMaps_GoogleMapsTarget.bundle/GoogleMaps.bundle/sk.lproj/MapsSDKAccessibility.strings
2026-08-12 09:07:05 +0000  copying file ./GoogleMaps_GoogleMapsTarget.bundle/GoogleMaps.bundle/pt_PT.lproj/MapsSDKAccessibility.strings ... 
2026-08-12 09:07:05 +0000  192 bytes for ./GoogleMaps_GoogleMapsTarget.bundle/GoogleMaps.bundle/pt_PT.lproj/MapsSDKAccessibility.strings
2026-08-12 09:07:05 +0000  copying file ./GoogleMaps_GoogleMapsTarget.bundle/GoogleMaps.bundle/bubble_right@3x.png ... 
2026-08-12 09:07:05 +0000  2374 bytes for ./GoogleMaps_GoogleMapsTarget.bundle/GoogleMaps.bundle/bubble_right@3x.png
2026-08-12 09:07:05 +0000  copying file ./GoogleMaps_GoogleMapsTarget.bundle/GoogleMaps.bundle/ic_error.png ... 
2026-08-12 09:07:05 +0000  236 bytes for ./GoogleMaps_GoogleMapsTarget.bundle/GoogleMaps.bundle/ic_error.png
2026-08-12 09:07:05 +0000  copying file ./GoogleMaps_GoogleMapsTarget.bundle/GoogleMaps.bundle/sr.lproj/MapsSDKAccessibility.strings ... 
2026-08-12 09:07:05 +0000  225 bytes for ./GoogleMaps_GoogleMapsTarget.bundle/GoogleMaps.bundle/sr.lproj/MapsSDKAccessibility.strings
2026-08-12 09:07:05 +0000  copying file ./GoogleMaps_GoogleMapsTarget.bundle/GoogleMaps.bundle/ms.lproj/MapsSDKAccessibility.strings ... 
2026-08-12 09:07:05 +0000  156 bytes for ./GoogleMaps_GoogleMapsTarget.bundle/GoogleMaps.bundle/ms.lproj/MapsSDKAccessibility.strings
2026-08-12 09:07:05 +0000  copying file ./GoogleMaps_GoogleMapsTarget.bundle/GoogleMaps.bundle/sv.lproj/MapsSDKAccessibility.strings ... 
2026-08-12 09:07:05 +0000  195 bytes for ./GoogleMaps_GoogleMapsTarget.bundle/GoogleMaps.bundle/sv.lproj/MapsSDKAccessibility.strings
2026-08-12 09:07:05 +0000  copying file ./GoogleMaps_GoogleMapsTarget.bundle/GoogleMaps.bundle/bubble_right@2x.png ... 
2026-08-12 09:07:05 +0000  1051 bytes for ./GoogleMaps_GoogleMapsTarget.bundle/GoogleMaps.bundle/bubble_right@2x.png
2026-08-12 09:07:05 +0000  copying file ./GoogleMaps_GoogleMapsTarget.bundle/GoogleMaps.bundle/cs.lproj/MapsSDKAccessibility.strings ... 
2026-08-12 09:07:05 +0000  203 bytes for ./GoogleMaps_GoogleMapsTarget.bundle/GoogleMaps.bundle/cs.lproj/MapsSDKAccessibility.strings
2026-08-12 09:07:05 +0000  copying file ./GoogleMaps_GoogleMapsTarget.bundle/GoogleMaps.bundle/en_IN.lproj/MapsSDKAccessibility.strings ... 
2026-08-12 09:07:05 +0000  152 bytes for ./GoogleMaps_GoogleMapsTarget.bundle/GoogleMaps.bundle/en_IN.lproj/MapsSDKAccessibility.strings
2026-08-12 09:07:05 +0000  copying file ./GoogleMaps_GoogleMapsTarget.bundle/GoogleMaps.bundle/ko.lproj/MapsSDKAccessibility.strings ... 
2026-08-12 09:07:05 +0000  157 bytes for ./GoogleMaps_GoogleMapsTarget.bundle/GoogleMaps.bundle/ko.lproj/MapsSDKAccessibility.strings
2026-08-12 09:07:05 +0000  copying file ./GoogleMaps_GoogleMapsTarget.bundle/GoogleMaps.bundle/hy.lproj/MapsSDKAccessibility.strings ... 
2026-08-12 09:07:05 +0000  187 bytes for ./GoogleMaps_GoogleMapsTarget.bundle/GoogleMaps.bundle/hy.lproj/MapsSDKAccessibility.strings
2026-08-12 09:07:05 +0000  copying file ./GoogleMaps_GoogleMapsTarget.bundle/GoogleMaps.bundle/GMSCoreResources.bundle/de.lproj/GMSCore.strings ... 
2026-08-12 09:07:05 +0000  5835 bytes for ./GoogleMaps_GoogleMapsTarget.bundle/GoogleMaps.bundle/GMSCoreResources.bundle/de.lproj/GMSCore.strings
2026-08-12 09:07:05 +0000  copying file ./GoogleMaps_GoogleMapsTarget.bundle/GoogleMaps.bundle/GMSCoreResources.bundle/measle_U.png ... 
2026-08-12 09:07:05 +0000  827 bytes for ./GoogleMaps_GoogleMapsTarget.bundle/GoogleMaps.bundle/GMSCoreResources.bundle/measle_U.png
2026-08-12 09:07:05 +0000  copying file ./GoogleMaps_GoogleMapsTarget.bundle/GoogleMaps.bundle/GMSCoreResources.bundle/measle_B.png ... 
2026-08-12 09:07:05 +0000  843 bytes for ./GoogleMaps_GoogleMapsTarget.bundle/GoogleMaps.bundle/GMSCoreResources.bundle/measle_B.png
2026-08-12 09:07:05 +0000  copying file ./GoogleMaps_GoogleMapsTarget.bundle/GoogleMaps.bundle/GMSCoreResources.bundle/measle_J@2x.png ... 
2026-08-12 09:07:05 +0000  2122 bytes for ./GoogleMaps_GoogleMapsTarget.bundle/GoogleMaps.bundle/GMSCoreResources.bundle/measle_J@2x.png
2026-08-12 09:07:05 +0000  copying file ./GoogleMaps_GoogleMapsTarget.bundle/GoogleMaps.bundle/GMSCoreResources.bundle/measle_P@3x.png ... 
2026-08-12 09:07:05 +0000  4118 bytes for ./GoogleMaps_GoogleMapsTarget.bundle/GoogleMaps.bundle/GMSCoreResources.bundle/measle_P@3x.png
2026-08-12 09:07:05 +0000  copying file ./GoogleMaps_GoogleMapsTarget.bundle/GoogleMaps.bundle/GMSCoreResources.bundle/he.lproj/GMSCore.strings ... 
2026-08-12 09:07:05 +0000  6399 bytes for ./GoogleMaps_GoogleMapsTarget.bundle/GoogleMaps.bundle/GMSCoreResources.bundle/he.lproj/GMSCore.strings
2026-08-12 09:07:05 +0000  copying file ./GoogleMaps_GoogleMapsTarget.bundle/GoogleMaps.bundle/GMSCoreResources.bundle/measle_F@2x.png ... 
2026-08-12 09:07:05 +0000  2072 bytes for ./GoogleMaps_GoogleMapsTarget.bundle/GoogleMaps.bundle/GMSCoreResources.bundle/measle_F@2x.png
2026-08-12 09:07:05 +0000  copying file ./GoogleMaps_GoogleMapsTarget.bundle/GoogleMaps.bundle/GMSCoreResources.bundle/en_AU.lproj/GMSCore.strings ... 
2026-08-12 09:07:05 +0000  4980 bytes for ./GoogleMaps_GoogleMapsTarget.bundle/GoogleMaps.bundle/GMSCoreResources.bundle/en_AU.lproj/GMSCore.strings
2026-08-12 09:07:05 +0000  copying file ./GoogleMaps_GoogleMapsTarget.bundle/GoogleMaps.bundle/GMSCoreResources.bundle/ic_covid_medical_waypoint_alert_32pt@2x.png ... 
2026-08-12 09:07:05 +0000  943 bytes for ./GoogleMaps_GoogleMapsTarget.bundle/GoogleMaps.bundle/GMSCoreResources.bundle/ic_covid_medical_waypoint_alert_32pt@2x.png
2026-08-12 09:07:05 +0000  copying file ./GoogleMaps_GoogleMapsTarget.bundle/GoogleMaps.bundle/GMSCoreResources.bundle/measle_H@3x.png ... 
2026-08-12 09:07:05 +0000  4012 bytes for ./GoogleMaps_GoogleMapsTarget.bundle/GoogleMaps.bundle/GMSCoreResources.bundle/measle_H@3x.png
2026-08-12 09:07:05 +0000  copying file ./GoogleMaps_GoogleMapsTarget.bundle/GoogleMaps.bundle/GMSCoreResources.bundle/ar.lproj/GMSCore.strings ... 
2026-08-12 09:07:05 +0000  6549 bytes for ./GoogleMaps_GoogleMapsTarget.bundle/GoogleMaps.bundle/GMSCoreResources.bundle/ar.lproj/GMSCore.strings
2026-08-12 09:07:05 +0000  copying file ./GoogleMaps_GoogleMapsTarget.bundle/GoogleMaps.bundle/GMSCoreResources.bundle/el.lproj/GMSCore.strings ... 
2026-08-12 09:07:05 +0000  6885 bytes for ./GoogleMaps_GoogleMapsTarget.bundle/GoogleMaps.bundle/GMSCoreResources.bundle/el.lproj/GMSCore.strings
2026-08-12 09:07:05 +0000  copying file ./GoogleMaps_GoogleMapsTarget.bundle/GoogleMaps.bundle/GMSCoreResources.bundle/ja.lproj/GMSCore.strings ... 
2026-08-12 09:07:05 +0000  5117 bytes for ./GoogleMaps_GoogleMapsTarget.bundle/GoogleMaps.bundle/GMSCoreResources.bundle/ja.lproj/GMSCore.strings
2026-08-12 09:07:05 +0000  copying file ./GoogleMaps_GoogleMapsTarget.bundle/GoogleMaps.bundle/GMSCoreResources.bundle/measle_R@2x.png ... 
2026-08-12 09:07:05 +0000  2164 bytes for ./GoogleMaps_GoogleMapsTarget.bundle/GoogleMaps.bundle/GMSCoreResources.bundle/measle_R@2x.png
2026-08-12 09:07:05 +0000  copying file ./GoogleMaps_GoogleMapsTarget.bundle/GoogleMaps.bundle/GMSCoreResources.bundle/measle_blank_tiny@2x.png ... 
2026-08-12 09:07:05 +0000  288 bytes for ./GoogleMaps_GoogleMapsTarget.bundle/GoogleMaps.bundle/GMSCoreResources.bundle/measle_blank_tiny@2x.png
2026-08-12 09:07:05 +0000  copying file ./GoogleMaps_GoogleMapsTarget.bundle/GoogleMaps.bundle/GMSCoreResources.bundle/measle_D@3x.png ... 
2026-08-12 09:07:05 +0000  4176 bytes for ./GoogleMaps_GoogleMapsTarget.bundle/GoogleMaps.bundle/GMSCoreResources.bundle/measle_D@3x.png
2026-08-12 09:07:05 +0000  copying file ./GoogleMaps_GoogleMapsTarget.bundle/GoogleMaps.bundle/GMSCoreResources.bundle/ic_covid_checkpoint_waypoint_alert_night_32pt.png ... 
2026-08-12 09:07:05 +0000  602 bytes for ./GoogleMaps_GoogleMapsTarget.bundle/GoogleMaps.bundle/GMSCoreResources.bundle/ic_covid_checkpoint_waypoint_alert_night_32pt.png
2026-08-12 09:07:05 +0000  copying file ./GoogleMaps_GoogleMapsTarget.bundle/GoogleMaps.bundle/GMSCoreResources.bundle/measle_C.png ... 
2026-08-12 09:07:05 +0000  844 bytes for ./GoogleMaps_GoogleMapsTarget.bundle/GoogleMaps.bundle/GMSCoreResources.bundle/measle_C.png
2026-08-12 09:07:05 +0000  copying file ./GoogleMaps_GoogleMapsTarget.bundle/GoogleMaps.bundle/GMSCoreResources.bundle/measle_T.png ... 
2026-08-12 09:07:05 +0000  796 bytes for ./GoogleMaps_GoogleMapsTarget.bundle/GoogleMaps.bundle/GMSCoreResources.bundle/measle_T.png
2026-08-12 09:07:05 +0000  copying file ./GoogleMaps_GoogleMapsTarget.bundle/GoogleMaps.bundle/GMSCoreResources.bundle/measle_V.png ... 
2026-08-12 09:07:05 +0000  853 bytes for ./GoogleMaps_GoogleMapsTarget.bundle/GoogleMaps.bundle/GMSCoreResources.bundle/measle_V.png
2026-08-12 09:07:05 +0000  copying file ./GoogleMaps_GoogleMapsTarget.bundle/GoogleMaps.bundle/GMSCoreResources.bundle/measle_A.png ... 
2026-08-12 09:07:05 +0000  838 bytes for ./GoogleMaps_GoogleMapsTarget.bundle/GoogleMaps.bundle/GMSCoreResources.bundle/measle_A.png
2026-08-12 09:07:05 +0000  copying file ./GoogleMaps_GoogleMapsTarget.bundle/GoogleMaps.bundle/GMSCoreResources.bundle/sq.lproj/GMSCore.strings ... 
2026-08-12 09:07:05 +0000  6667 bytes for ./GoogleMaps_GoogleMapsTarget.bundle/GoogleMaps.bundle/GMSCoreResources.bundle/sq.lproj/GMSCore.strings
2026-08-12 09:07:05 +0000  copying file ./GoogleMaps_GoogleMapsTarget.bundle/GoogleMaps.bundle/GMSCoreResources.bundle/GMSMapColors2NavNightModeSprites-0-1x.png ... 
2026-08-12 09:07:05 +0000  3298 bytes for ./GoogleMaps_GoogleMapsTarget.bundle/GoogleMaps.bundle/GMSCoreResources.bundle/GMSMapColors2NavNightModeSprites-0-1x.png
2026-08-12 09:07:05 +0000  copying file ./GoogleMaps_GoogleMapsTarget.bundle/GoogleMaps.bundle/GMSCoreResources.bundle/ic_qu_direction_mylocation@2x.png ... 
2026-08-12 09:07:05 +0000  663 bytes for ./GoogleMaps_GoogleMapsTarget.bundle/GoogleMaps.bundle/GMSCoreResources.bundle/ic_qu_direction_mylocation@2x.png
2026-08-12 09:07:05 +0000  copying file ./GoogleMaps_GoogleMapsTarget.bundle/GoogleMaps.bundle/GMSCoreResources.bundle/en.lproj/GMSCore.strings ... 
2026-08-12 09:07:05 +0000  4963 bytes for ./GoogleMaps_GoogleMapsTarget.bundle/GoogleMaps.bundle/GMSCoreResources.bundle/en.lproj/GMSCore.strings
2026-08-12 09:07:05 +0000  copying file ./GoogleMaps_GoogleMapsTarget.bundle/GoogleMaps.bundle/GMSCoreResources.bundle/ic_covid_border_waypoint_alert_32pt.png ... 
2026-08-12 09:07:05 +0000  422 bytes for ./GoogleMaps_GoogleMapsTarget.bundle/GoogleMaps.bundle/GMSCoreResources.bundle/ic_covid_border_waypoint_alert_32pt.png
2026-08-12 09:07:05 +0000  copying file ./GoogleMaps_GoogleMapsTarget.bundle/GoogleMaps.bundle/GMSCoreResources.bundle/uk.lproj/GMSCore.strings ... 
2026-08-12 09:07:05 +0000  6625 bytes for ./GoogleMaps_GoogleMapsTarget.bundle/GoogleMaps.bundle/GMSCoreResources.bundle/uk.lproj/GMSCore.strings
2026-08-12 09:07:05 +0000  copying file ./GoogleMaps_GoogleMapsTarget.bundle/GoogleMaps.bundle/GMSCoreResources.bundle/ic_qu_direction_mylocation.png ... 
2026-08-12 09:07:05 +0000  362 bytes for ./GoogleMaps_GoogleMapsTarget.bundle/GoogleMaps.bundle/GMSCoreResources.bundle/ic_qu_direction_mylocation.png
2026-08-12 09:07:05 +0000  copying file ./GoogleMaps_GoogleMapsTarget.bundle/GoogleMaps.bundle/GMSCoreResources.bundle/es_419.lproj/GMSCore.strings ... 
2026-08-12 09:07:05 +0000  5754 bytes for ./GoogleMaps_GoogleMapsTarget.bundle/GoogleMaps.bundle/GMSCoreResources.bundle/es_419.lproj/GMSCore.strings
2026-08-12 09:07:05 +0000  copying file ./GoogleMaps_GoogleMapsTarget.bundle/GoogleMaps.bundle/GMSCoreResources.bundle/GMSSprites-0-1x.png ... 
2026-08-12 09:07:05 +0000  19060 bytes for ./GoogleMaps_GoogleMapsTarget.bundle/GoogleMaps.bundle/GMSCoreResources.bundle/GMSSprites-0-1x.png
2026-08-12 09:07:05 +0000  copying file ./GoogleMaps_GoogleMapsTarget.bundle/GoogleMaps.bundle/GMSCoreResources.bundle/measle_W.png ... 
2026-08-12 09:07:05 +0000  879 bytes for ./GoogleMaps_GoogleMapsTarget.bundle/GoogleMaps.bundle/GMSCoreResources.bundle/measle_W.png
2026-08-12 09:07:05 +0000  copying file ./GoogleMaps_GoogleMapsTarget.bundle/GoogleMaps.bundle/GMSCoreResources.bundle/ic_compass_needle_large@2x.png ... 
2026-08-12 09:07:05 +0000  2446 bytes for ./GoogleMaps_GoogleMapsTarget.bundle/GoogleMaps.bundle/GMSCoreResources.bundle/ic_compass_needle_large@2x.png
2026-08-12 09:07:05 +0000  copying file ./GoogleMaps_GoogleMapsTarget.bundle/GoogleMaps.bundle/GMSCoreResources.bundle/measle_D.png ... 
2026-08-12 09:07:05 +0000  840 bytes for ./GoogleMaps_GoogleMapsTarget.bundle/GoogleMaps.bundle/GMSCoreResources.bundle/measle_D.png
2026-08-12 09:07:05 +0000  copying file ./GoogleMaps_GoogleMapsTarget.bundle/GoogleMaps.bundle/GMSCoreResources.bundle/measle_S.png ... 
2026-08-12 09:07:05 +0000  865 bytes for ./GoogleMaps_GoogleMapsTarget.bundle/GoogleMaps.bundle/GMSCoreResources.bundle/measle_S.png
2026-08-12 09:07:05 +0000  copying file ./GoogleMaps_GoogleMapsTarget.bundle/GoogleMaps.bundle/GMSCoreResources.bundle/ic_compass_needle_large@3x.png ... 
2026-08-12 09:07:05 +0000  3304 bytes for ./GoogleMaps_GoogleMapsTarget.bundle/GoogleMaps.bundle/GMSCoreResources.bundle/ic_compass_needle_large@3x.png
2026-08-12 09:07:05 +0000  copying file ./GoogleMaps_GoogleMapsTarget.bundle/GoogleMaps.bundle/GMSCoreResources.bundle/ic_compass_needle_large.png ... 
2026-08-12 09:07:05 +0000  1114 bytes for ./GoogleMaps_GoogleMapsTarget.bundle/GoogleMaps.bundle/GMSCoreResources.bundle/ic_compass_needle_large.png
2026-08-12 09:07:05 +0000  copying file ./GoogleMaps_GoogleMapsTarget.bundle/GoogleMaps.bundle/GMSCoreResources.bundle/zh_CN.lproj/GMSCore.strings ... 
2026-08-12 09:07:05 +0000  5355 bytes for ./GoogleMaps_GoogleMapsTarget.bundle/GoogleMaps.bundle/GMSCoreResources.bundle/zh_CN.lproj/GMSCore.strings
2026-08-12 09:07:05 +0000  copying file ./GoogleMaps_GoogleMapsTarget.bundle/GoogleMaps.bundle/GMSCoreResources.bundle/ic_qu_direction_mylocation@3x.png ... 
2026-08-12 09:07:05 +0000  1240 bytes for ./GoogleMaps_GoogleMapsTarget.bundle/GoogleMaps.bundle/GMSCoreResources.bundle/ic_qu_direction_mylocation@3x.png
2026-08-12 09:07:05 +0000  copying file ./GoogleMaps_GoogleMapsTarget.bundle/GoogleMaps.bundle/GMSCoreResources.bundle/DroidSansMerged-Regular.ttf ... 
2026-08-12 09:07:05 +0000  392092 bytes for ./GoogleMaps_GoogleMapsTarget.bundle/GoogleMaps.bundle/GMSCoreResources.bundle/DroidSansMerged-Regular.ttf
2026-08-12 09:07:05 +0000  copying file ./GoogleMaps_GoogleMapsTarget.bundle/GoogleMaps.bundle/GMSCoreResources.bundle/nb.lproj/GMSCore.strings ... 
2026-08-12 09:07:05 +0000  5663 bytes for ./GoogleMaps_GoogleMapsTarget.bundle/GoogleMaps.bundle/GMSCoreResources.bundle/nb.lproj/GMSCore.strings
2026-08-12 09:07:05 +0000  copying file ./GoogleMaps_GoogleMapsTarget.bundle/GoogleMaps.bundle/GMSCoreResources.bundle/measle_R.png ... 
2026-08-12 09:07:05 +0000  840 bytes for ./GoogleMaps_GoogleMapsTarget.bundle/GoogleMaps.bundle/GMSCoreResources.bundle/measle_R.png
2026-08-12 09:07:05 +0000  copying file ./GoogleMaps_GoogleMapsTarget.bundle/GoogleMaps.bundle/GMSCoreResources.bundle/measle_E.png ... 
2026-08-12 09:07:05 +0000  810 bytes for ./GoogleMaps_GoogleMapsTarget.bundle/GoogleMaps.bundle/GMSCoreResources.bundle/measle_E.png
2026-08-12 09:07:05 +0000  copying file ./GoogleMaps_GoogleMapsTarget.bundle/GoogleMaps.bundle/GMSCoreResources.bundle/measle_G.png ... 
2026-08-12 09:07:05 +0000  868 bytes for ./GoogleMaps_GoogleMapsTarget.bundle/GoogleMaps.bundle/GMSCoreResources.bundle/measle_G.png
2026-08-12 09:07:05 +0000  copying file ./GoogleMaps_GoogleMapsTarget.bundle/GoogleMaps.bundle/GMSCoreResources.bundle/measle_P.png ... 
2026-08-12 09:07:05 +0000  828 bytes for ./GoogleMaps_GoogleMapsTarget.bundle/GoogleMaps.bundle/GMSCoreResources.bundle/measle_P.png
2026-08-12 09:07:05 +0000  copying file ./GoogleMaps_GoogleMapsTarget.bundle/GoogleMaps.bundle/GMSCoreResources.bundle/measle_D@2x.png ... 
2026-08-12 09:07:05 +0000  2160 bytes for ./GoogleMaps_GoogleMapsTarget.bundle/GoogleMaps.bundle/GMSCoreResources.bundle/measle_D@2x.png
2026-08-12 09:07:05 +0000  copying file ./GoogleMaps_GoogleMapsTarget.bundle/GoogleMaps.bundle/GMSCoreResources.bundle/es.lproj/GMSCore.strings ... 
2026-08-12 09:07:05 +0000  5752 bytes for ./GoogleMaps_GoogleMapsTarget.bundle/GoogleMaps.bundle/GMSCoreResources.bundle/es.lproj/GMSCore.strings
2026-08-12 09:07:05 +0000  copying file ./GoogleMaps_GoogleMapsTarget.bundle/GoogleMaps.bundle/GMSCoreResources.bundle/measle_blank_tiny@3x.png ... 
2026-08-12 09:07:05 +0000  375 bytes for ./GoogleMaps_GoogleMapsTarget.bundle/GoogleMaps.bundle/GMSCoreResources.bundle/measle_blank_tiny@3x.png
2026-08-12 09:07:05 +0000  copying file ./GoogleMaps_GoogleMapsTarget.bundle/GoogleMaps.bundle/GMSCoreResources.bundle/measle_R@3x.png ... 
2026-08-12 09:07:05 +0000  4165 bytes for ./GoogleMaps_GoogleMapsTarget.bundle/GoogleMaps.bundle/GMSCoreResources.bundle/measle_R@3x.png
2026-08-12 09:07:05 +0000  copying file ./GoogleMaps_GoogleMapsTarget.bundle/GoogleMaps.bundle/GMSCoreResources.bundle/sw.lproj/GMSCore.strings ... 
2026-08-12 09:07:05 +0000  5331 bytes for ./GoogleMaps_GoogleMapsTarget.bundle/GoogleMaps.bundle/GMSCoreResources.bundle/sw.lproj/GMSCore.strings
2026-08-12 09:07:05 +0000  copying file ./GoogleMaps_GoogleMapsTarget.bundle/GoogleMaps.bundle/GMSCoreResources.bundle/ic_covid_medical_waypoint_alert_32pt@3x.png ... 
2026-08-12 09:07:05 +0000  1203 bytes for ./GoogleMaps_GoogleMapsTarget.bundle/GoogleMaps.bundle/GMSCoreResources.bundle/ic_covid_medical_waypoint_alert_32pt@3x.png
2026-08-12 09:07:05 +0000  copying file ./GoogleMaps_GoogleMapsTarget.bundle/GoogleMaps.bundle/GMSCoreResources.bundle/measle_H@2x.png ... 
2026-08-12 09:07:05 +0000  2068 bytes for ./GoogleMaps_GoogleMapsTarget.bundle/GoogleMaps.bundle/GMSCoreResources.bundle/measle_H@2x.png
2026-08-12 09:07:05 +0000  copying file ./GoogleMaps_GoogleMapsTarget.bundle/GoogleMaps.bundle/GMSCoreResources.bundle/measle_F@3x.png ... 
2026-08-12 09:07:05 +0000  4010 bytes for ./GoogleMaps_GoogleMapsTarget.bundle/GoogleMaps.bundle/GMSCoreResources.bundle/measle_F@3x.png
2026-08-12 09:07:05 +0000  copying file ./GoogleMaps_GoogleMapsTarget.bundle/GoogleMaps.bundle/GMSCoreResources.bundle/pt_BR.lproj/GMSCore.strings ... 
2026-08-12 09:07:05 +0000  5903 bytes for ./GoogleMaps_GoogleMapsTarget.bundle/GoogleMaps.bundle/GMSCoreResources.bundle/pt_BR.lproj/GMSCore.strings
2026-08-12 09:07:05 +0000  copying file ./GoogleMaps_GoogleMapsTarget.bundle/GoogleMaps.bundle/GMSCoreResources.bundle/measle_P@2x.png ... 
2026-08-12 09:07:05 +0000  2144 bytes for ./GoogleMaps_GoogleMapsTarget.bundle/GoogleMaps.bundle/GMSCoreResources.bundle/measle_P@2x.png
2026-08-12 09:07:05 +0000  copying file ./GoogleMaps_GoogleMapsTarget.bundle/GoogleMaps.bundle/GMSCoreResources.bundle/da.lproj/GMSCore.strings ... 
2026-08-12 09:07:05 +0000  5676 bytes for ./GoogleMaps_GoogleMapsTarget.bundle/GoogleMaps.bundle/GMSCoreResources.bundle/da.lproj/GMSCore.strings
2026-08-12 09:07:05 +0000  copying file ./GoogleMaps_GoogleMapsTarget.bundle/GoogleMaps.bundle/GMSCoreResources.bundle/RocketShaders.metallib ... 
2026-08-12 09:07:05 +0000  36866 bytes for ./GoogleMaps_GoogleMapsTarget.bundle/GoogleMaps.bundle/GMSCoreResources.bundle/RocketShaders.metallib
2026-08-12 09:07:05 +0000  copying file ./GoogleMaps_GoogleMapsTarget.bundle/GoogleMaps.bundle/GMSCoreResources.bundle/measle_J@3x.png ... 
2026-08-12 09:07:05 +0000  4098 bytes for ./GoogleMaps_GoogleMapsTarget.bundle/GoogleMaps.bundle/GMSCoreResources.bundle/measle_J@3x.png
2026-08-12 09:07:05 +0000  copying file ./GoogleMaps_GoogleMapsTarget.bundle/GoogleMaps.bundle/GMSCoreResources.bundle/measle_Q.png ... 
2026-08-12 09:07:05 +0000  863 bytes for ./GoogleMaps_GoogleMapsTarget.bundle/GoogleMaps.bundle/GMSCoreResources.bundle/measle_Q.png
2026-08-12 09:07:05 +0000  copying file ./GoogleMaps_GoogleMapsTarget.bundle/GoogleMaps.bundle/GMSCoreResources.bundle/measle_F.png ... 
2026-08-12 09:07:05 +0000  813 bytes for ./GoogleMaps_GoogleMapsTarget.bundle/GoogleMaps.bundle/GMSCoreResources.bundle/measle_F.png
2026-08-12 09:07:05 +0000  copying file ./GoogleMaps_GoogleMapsTarget.bundle/GoogleMaps.bundle/GMSCoreResources.bundle/ic_location_off@3x.png ... 
2026-08-12 09:07:05 +0000  1577 bytes for ./GoogleMaps_GoogleMapsTarget.bundle/GoogleMaps.bundle/GMSCoreResources.bundle/ic_location_off@3x.png
2026-08-12 09:07:05 +0000  copying file ./GoogleMaps_GoogleMapsTarget.bundle/GoogleMaps.bundle/GMSCoreResources.bundle/measle_blank_tiny.png ... 
2026-08-12 09:07:05 +0000  261 bytes for ./GoogleMaps_GoogleMapsTarget.bundle/GoogleMaps.bundle/GMSCoreResources.bundle/measle_blank_tiny.png
2026-08-12 09:07:05 +0000  copying file ./GoogleMaps_GoogleMapsTarget.bundle/GoogleMaps.bundle/GMSCoreResources.bundle/it.lproj/GMSCore.strings ... 
2026-08-12 09:07:05 +0000  5074 bytes for ./GoogleMaps_GoogleMapsTarget.bundle/GoogleMaps.bundle/GMSCoreResources.bundle/it.lproj/GMSCore.strings
2026-08-12 09:07:05 +0000  copying file ./GoogleMaps_GoogleMapsTarget.bundle/GoogleMaps.bundle/GMSCoreResources.bundle/measle_blank_small@3x.png ... 
2026-08-12 09:07:05 +0000  884 bytes for ./GoogleMaps_GoogleMapsTarget.bundle/GoogleMaps.bundle/GMSCoreResources.bundle/measle_blank_small@3x.png
2026-08-12 09:07:05 +0000  copying file ./GoogleMaps_GoogleMapsTarget.bundle/GoogleMaps.bundle/GMSCoreResources.bundle/sk.lproj/GMSCore.strings ... 
2026-08-12 09:07:05 +0000  5925 bytes for ./GoogleMaps_GoogleMapsTarget.bundle/GoogleMaps.bundle/GMSCoreResources.bundle/sk.lproj/GMSCore.strings
2026-08-12 09:07:05 +0000  copying file ./GoogleMaps_GoogleMapsTarget.bundle/GoogleMaps.bundle/GMSCoreResources.bundle/GMSMapColors2NavSprites-0-2x.png ... 
2026-08-12 09:07:05 +0000  2273 bytes for ./GoogleMaps_GoogleMapsTarget.bundle/GoogleMaps.bundle/GMSCoreResources.bundle/GMSMapColors2NavSprites-0-2x.png
2026-08-12 09:07:05 +0000  copying file ./GoogleMaps_GoogleMapsTarget.bundle/GoogleMaps.bundle/GMSCoreResources.bundle/GMSNavSprites-0-3x.png ... 
2026-08-12 09:07:05 +0000  20924 bytes for ./GoogleMaps_GoogleMapsTarget.bundle/GoogleMaps.bundle/GMSCoreResources.bundle/GMSNavSprites-0-3x.png
2026-08-12 09:07:05 +0000  copying file ./GoogleMaps_GoogleMapsTarget.bundle/GoogleMaps.bundle/GMSCoreResources.bundle/pt_PT.lproj/GMSCore.strings ... 
2026-08-12 09:07:05 +0000  5623 bytes for ./GoogleMaps_GoogleMapsTarget.bundle/GoogleMaps.bundle/GMSCoreResources.bundle/pt_PT.lproj/GMSCore.strings
2026-08-12 09:07:05 +0000  copying file ./GoogleMaps_GoogleMapsTarget.bundle/GoogleMaps.bundle/GMSCoreResources.bundle/button_compass_night.png ... 
2026-08-12 09:07:05 +0000  720 bytes for ./GoogleMaps_GoogleMapsTarget.bundle/GoogleMaps.bundle/GMSCoreResources.bundle/button_compass_night.png
2026-08-12 09:07:05 +0000  copying file ./GoogleMaps_GoogleMapsTarget.bundle/GoogleMaps.bundle/GMSCoreResources.bundle/button_my_location.png ... 
2026-08-12 09:07:05 +0000  492 bytes for ./GoogleMaps_GoogleMapsTarget.bundle/GoogleMaps.bundle/GMSCoreResources.bundle/button_my_location.png
2026-08-12 09:07:05 +0000  copying file ./GoogleMaps_GoogleMapsTarget.bundle/GoogleMaps.bundle/GMSCoreResources.bundle/measle_X@2x.png ... 
2026-08-12 09:07:05 +0000  2199 bytes for ./GoogleMaps_GoogleMapsTarget.bundle/GoogleMaps.bundle/GMSCoreResources.bundle/measle_X@2x.png
2026-08-12 09:07:05 +0000  copying file ./GoogleMaps_GoogleMapsTarget.bundle/GoogleMaps.bundle/GMSCoreResources.bundle/road_16-4.png ... 
2026-08-12 09:07:05 +0000  127 bytes for ./GoogleMaps_GoogleMapsTarget.bundle/GoogleMaps.bundle/GMSCoreResources.bundle/road_16-4.png
2026-08-12 09:07:05 +0000  copying file ./GoogleMaps_GoogleMapsTarget.bundle/GoogleMaps.bundle/GMSCoreResources.bundle/measle_N@3x.png ... 
2026-08-12 09:07:05 +0000  4166 bytes for ./GoogleMaps_GoogleMapsTarget.bundle/GoogleMaps.bundle/GMSCoreResources.bundle/measle_N@3x.png
2026-08-12 09:07:05 +0000  copying file ./GoogleMaps_GoogleMapsTarget.bundle/GoogleMaps.bundle/GMSCoreResources.bundle/measle_B@3x.png ... 
2026-08-12 09:07:05 +0000  4187 bytes for ./GoogleMaps_GoogleMapsTarget.bundle/GoogleMaps.bundle/GMSCoreResources.bundle/measle_B@3x.png
2026-08-12 09:07:05 +0000  copying file ./GoogleMaps_GoogleMapsTarget.bundle/GoogleMaps.bundle/GMSCoreResources.bundle/GMSMapColors2Sprites-0-1x.png ... 
2026-08-12 09:07:05 +0000  4026 bytes for ./GoogleMaps_GoogleMapsTarget.bundle/GoogleMaps.bundle/GMSCoreResources.bundle/GMSMapColors2Sprites-0-1x.png
2026-08-12 09:07:05 +0000  copying file ./GoogleMaps_GoogleMapsTarget.bundle/GoogleMaps.bundle/GMSCoreResources.bundle/measle_T@2x.png ... 
2026-08-12 09:07:05 +0000  2066 bytes for ./GoogleMaps_GoogleMapsTarget.bundle/GoogleMaps.bundle/GMSCoreResources.bundle/measle_T@2x.png
2026-08-12 09:07:05 +0000  copying file ./GoogleMaps_GoogleMapsTarget.bundle/GoogleMaps.bundle/GMSCoreResources.bundle/sr.lproj/GMSCore.strings ... 
2026-08-12 09:07:05 +0000  6390 bytes for ./GoogleMaps_GoogleMapsTarget.bundle/GoogleMaps.bundle/GMSCoreResources.bundle/sr.lproj/GMSCore.strings
2026-08-12 09:07:05 +0000  copying file ./GoogleMaps_GoogleMapsTarget.bundle/GoogleMaps.bundle/GMSCoreResources.bundle/ms.lproj/GMSCore.strings ... 
2026-08-12 09:07:05 +0000  5222 bytes for ./GoogleMaps_GoogleMapsTarget.bundle/GoogleMaps.bundle/GMSCoreResources.bundle/ms.lproj/GMSCore.strings
2026-08-12 09:07:05 +0000  copying file ./GoogleMaps_GoogleMapsTarget.bundle/GoogleMaps.bundle/GMSCoreResources.bundle/road_256-64.png ... 
2026-08-12 09:07:05 +0000  1934 bytes for ./GoogleMaps_GoogleMapsTarget.bundle/GoogleMaps.bundle/GMSCoreResources.bundle/road_256-64.png
2026-08-12 09:07:05 +0000  copying file ./GoogleMaps_GoogleMapsTarget.bundle/GoogleMaps.bundle/GMSCoreResources.bundle/measle_L@2x.png ... 
2026-08-12 09:07:05 +0000  2056 bytes for ./GoogleMaps_GoogleMapsTarget.bundle/GoogleMaps.bundle/GMSCoreResources.bundle/measle_L@2x.png
2026-08-12 09:07:05 +0000  copying file ./GoogleMaps_GoogleMapsTarget.bundle/GoogleMaps.bundle/GMSCoreResources.bundle/measle_V@3x.png ... 
2026-08-12 09:07:05 +0000  4210 bytes for ./GoogleMaps_GoogleMapsTarget.bundle/GoogleMaps.bundle/GMSCoreResources.bundle/measle_V@3x.png
2026-08-12 09:07:05 +0000  copying file ./GoogleMaps_GoogleMapsTarget.bundle/GoogleMaps.bundle/GMSCoreResources.bundle/RocketShadersSim.metallib ... 
2026-08-12 09:07:05 +0000  37026 bytes for ./GoogleMaps_GoogleMapsTarget.bundle/GoogleMaps.bundle/GMSCoreResources.bundle/RocketShadersSim.metallib
copying file ./GoogleMaps_GoogleMapsTarget.bundle/GoogleMaps.bundle/GMSCoreResources.bundle/measle_V@2x.png ... 
2026-08-12 09:07:05 +0000  2209 bytes for ./GoogleMaps_GoogleMapsTarget.bundle/GoogleMaps.bundle/GMSCoreResources.bundle/measle_V@2x.png
2026-08-12 09:07:05 +0000  copying file ./GoogleMaps_GoogleMapsTarget.bundle/GoogleMaps.bundle/GMSCoreResources.bundle/button_compass.png ... 
2026-08-12 09:07:05 +0000  631 bytes for ./GoogleMaps_GoogleMapsTarget.bundle/GoogleMaps.bundle/GMSCoreResources.bundle/button_compass.png
2026-08-12 09:07:05 +0000  copying file ./GoogleMaps_GoogleMapsTarget.bundle/GoogleMaps.bundle/GMSCoreResources.bundle/sv.lproj/GMSCore.strings ... 
2026-08-12 09:07:05 +0000  6180 bytes for ./GoogleMaps_GoogleMapsTarget.bundle/GoogleMaps.bundle/GMSCoreResources.bundle/sv.lproj/GMSCore.strings
2026-08-12 09:07:05 +0000  copying file ./GoogleMaps_GoogleMapsTarget.bundle/GoogleMaps.bundle/GMSCoreResources.bundle/road_8-2.png ... 
2026-08-12 09:07:05 +0000  93 bytes for ./GoogleMaps_GoogleMapsTarget.bundle/GoogleMaps.bundle/GMSCoreResources.bundle/road_8-2.png
2026-08-12 09:07:05 +0000  copying file ./GoogleMaps_GoogleMapsTarget.bundle/GoogleMaps.bundle/GMSCoreResources.bundle/measle_L@3x.png ... 
2026-08-12 09:07:05 +0000  3994 bytes for ./GoogleMaps_GoogleMapsTarget.bundle/GoogleMaps.bundle/GMSCoreResources.bundle/measle_L@3x.png
2026-08-12 09:07:05 +0000  copying file ./GoogleMaps_GoogleMapsTarget.bundle/GoogleMaps.bundle/GMSCoreResources.bundle/ic_closed_place_waypoint_alert_32pt.png ... 
2026-08-12 09:07:05 +0000  494 bytes for ./GoogleMaps_GoogleMapsTarget.bundle/GoogleMaps.bundle/GMSCoreResources.bundle/ic_closed_place_waypoint_alert_32pt.png
2026-08-12 09:07:05 +0000  copying file ./GoogleMaps_GoogleMapsTarget.bundle/GoogleMaps.bundle/GMSCoreResources.bundle/measle_T@3x.png ... 
2026-08-12 09:07:05 +0000  4000 bytes for ./GoogleMaps_GoogleMapsTarget.bundle/GoogleMaps.bundle/GMSCoreResources.bundle/measle_T@3x.png
2026-08-12 09:07:05 +0000  copying file ./GoogleMaps_GoogleMapsTarget.bundle/GoogleMaps.bundle/GMSCoreResources.bundle/cs.lproj/GMSCore.strings ... 
2026-08-12 09:07:05 +0000  6117 bytes for ./GoogleMaps_GoogleMapsTarget.bundle/GoogleMaps.bundle/GMSCoreResources.bundle/cs.lproj/GMSCore.strings
2026-08-12 09:07:05 +0000  copying file ./GoogleMaps_GoogleMapsTarget.bundle/GoogleMaps.bundle/GMSCoreResources.bundle/measle_B@2x.png ... 
2026-08-12 09:07:05 +0000  2175 bytes for ./GoogleMaps_GoogleMapsTarget.bundle/GoogleMaps.bundle/GMSCoreResources.bundle/measle_B@2x.png
2026-08-12 09:07:05 +0000  copying file ./GoogleMaps_GoogleMapsTarget.bundle/GoogleMaps.bundle/GMSCoreResources.bundle/measle_N@2x.png ... 
2026-08-12 09:07:05 +0000  2156 bytes for ./GoogleMaps_GoogleMapsTarget.bundle/GoogleMaps.bundle/GMSCoreResources.bundle/measle_N@2x.png
2026-08-12 09:07:05 +0000  copying file ./GoogleMaps_GoogleMapsTarget.bundle/GoogleMaps.bundle/GMSCoreResources.bundle/button_background.png ... 
2026-08-12 09:07:05 +0000  334 bytes for ./GoogleMaps_GoogleMapsTarget.bundle/GoogleMaps.bundle/GMSCoreResources.bundle/button_background.png
2026-08-12 09:07:05 +0000  copying file ./GoogleMaps_GoogleMapsTarget.bundle/GoogleMaps.bundle/GMSCoreResources.bundle/measle_X@3x.png ... 
2026-08-12 09:07:05 +0000  4237 bytes for ./GoogleMaps_GoogleMapsTarget.bundle/GoogleMaps.bundle/GMSCoreResources.bundle/measle_X@3x.png
2026-08-12 09:07:05 +0000  copying file ./GoogleMaps_GoogleMapsTarget.bundle/GoogleMaps.bundle/GMSCoreResources.bundle/GMSNavNightModeSprites-0-1x.png ... 
2026-08-12 09:07:05 +0000  3393 bytes for ./GoogleMaps_GoogleMapsTarget.bundle/GoogleMaps.bundle/GMSCoreResources.bundle/GMSNavNightModeSprites-0-1x.png
2026-08-12 09:07:05 +0000  copying file ./GoogleMaps_GoogleMapsTarget.bundle/GoogleMaps.bundle/GMSCoreResources.bundle/button_my_location@2x.png ... 
2026-08-12 09:07:05 +0000  1229 bytes for ./GoogleMaps_GoogleMapsTarget.bundle/GoogleMaps.bundle/GMSCoreResources.bundle/button_my_location@2x.png
2026-08-12 09:07:05 +0000  copying file ./GoogleMaps_GoogleMapsTarget.bundle/GoogleMaps.bundle/GMSCoreResources.bundle/en_IN.lproj/GMSCore.strings ... 
2026-08-12 09:07:05 +0000  4980 bytes for ./GoogleMaps_GoogleMapsTarget.bundle/GoogleMaps.bundle/GMSCoreResources.bundle/en_IN.lproj/GMSCore.strings
2026-08-12 09:07:05 +0000  copying file ./GoogleMaps_GoogleMapsTarget.bundle/GoogleMaps.bundle/GMSCoreResources.bundle/ko.lproj/GMSCore.strings ... 
2026-08-12 09:07:05 +0000  5315 bytes for ./GoogleMaps_GoogleMapsTarget.bundle/GoogleMaps.bundle/GMSCoreResources.bundle/ko.lproj/GMSCore.strings
2026-08-12 09:07:05 +0000  copying file ./GoogleMaps_GoogleMapsTarget.bundle/GoogleMaps.bundle/GMSCoreResources.bundle/GMSNavSprites-0-2x.png ... 
2026-08-12 09:07:05 +0000  13321 bytes for ./GoogleMaps_GoogleMapsTarget.bundle/GoogleMaps.bundle/GMSCoreResources.bundle/GMSNavSprites-0-2x.png
2026-08-12 09:07:05 +0000  copying file ./GoogleMaps_GoogleMapsTarget.bundle/GoogleMaps.bundle/GMSCoreResources.bundle/hy.lproj/GMSCore.strings ... 
2026-08-12 09:07:05 +0000  6431 bytes for ./GoogleMaps_GoogleMapsTarget.bundle/GoogleMaps.bundle/GMSCoreResources.bundle/hy.lproj/GMSCore.strings
2026-08-12 09:07:05 +0000  copying file ./GoogleMaps_GoogleMapsTarget.bundle/GoogleMaps.bundle/GMSCoreResources.bundle/GMSMapColors2NavSprites-0-3x.png ... 
2026-08-12 09:07:05 +0000  3408 bytes for ./GoogleMaps_GoogleMapsTarget.bundle/GoogleMaps.bundle/GMSCoreResources.bundle/GMSMapColors2NavSprites-0-3x.png
2026-08-12 09:07:05 +0000  copying file ./GoogleMaps_GoogleMapsTarget.bundle/GoogleMaps.bundle/GMSCoreResources.bundle/measle_blank_small.png ... 
2026-08-12 09:07:05 +0000  252 bytes for ./GoogleMaps_GoogleMapsTarget.bundle/GoogleMaps.bundle/GMSCoreResources.bundle/measle_blank_small.png
2026-08-12 09:07:05 +0000  copying file ./GoogleMaps_GoogleMapsTarget.bundle/GoogleMaps.bundle/GMSCoreResources.bundle/measle_blank_small@2x.png ... 
2026-08-12 09:07:05 +0000  508 bytes for ./GoogleMaps_GoogleMapsTarget.bundle/GoogleMaps.bundle/GMSCoreResources.bundle/measle_blank_small@2x.png
2026-08-12 09:07:05 +0000  copying file ./GoogleMaps_GoogleMapsTarget.bundle/GoogleMaps.bundle/GMSCoreResources.bundle/ic_location_off@2x.png ... 
2026-08-12 09:07:05 +0000  860 bytes for ./GoogleMaps_GoogleMapsTarget.bundle/GoogleMaps.bundle/GMSCoreResources.bundle/ic_location_off@2x.png
2026-08-12 09:07:05 +0000  copying file ./GoogleMaps_GoogleMapsTarget.bundle/GoogleMaps.bundle/GMSCoreResources.bundle/my.lproj/GMSCore.strings ... 
2026-08-12 09:07:05 +0000  7128 bytes for ./GoogleMaps_GoogleMapsTarget.bundle/GoogleMaps.bundle/GMSCoreResources.bundle/my.lproj/GMSCore.strings
2026-08-12 09:07:05 +0000  copying file ./GoogleMaps_GoogleMapsTarget.bundle/GoogleMaps.bundle/GMSCoreResources.bundle/ic_covid_checkpoint_waypoint_alert_32pt@2x.png ... 
2026-08-12 09:07:05 +0000  1373 bytes for ./GoogleMaps_GoogleMapsTarget.bundle/GoogleMaps.bundle/GMSCoreResources.bundle/ic_covid_checkpoint_waypoint_alert_32pt@2x.png
2026-08-12 09:07:05 +0000  copying file ./GoogleMaps_GoogleMapsTarget.bundle/GoogleMaps.bundle/GMSCoreResources.bundle/GMSNavSprites-0-1x.png ... 
2026-08-12 09:07:05 +0000  5684 bytes for ./GoogleMaps_GoogleMapsTarget.bundle/GoogleMaps.bundle/GMSCoreResources.bundle/GMSNavSprites-0-1x.png
2026-08-12 09:07:05 +0000  copying file ./GoogleMaps_GoogleMapsTarget.bundle/GoogleMaps.bundle/GMSCoreResources.bundle/Tharlon-Regular.ttf ... 
2026-08-12 09:07:05 +0000  353228 bytes for ./GoogleMaps_GoogleMapsTarget.bundle/GoogleMaps.bundle/GMSCoreResources.bundle/Tharlon-Regular.ttf
2026-08-12 09:07:05 +0000  copying file ./GoogleMaps_GoogleMapsTarget.bundle/GoogleMaps.bundle/GMSCoreResources.bundle/hu.lproj/GMSCore.strings ... 
2026-08-12 09:07:05 +0000  5351 bytes for ./GoogleMaps_GoogleMapsTarget.bundle/GoogleMaps.bundle/GMSCoreResources.bundle/hu.lproj/GMSCore.strings
2026-08-12 09:07:05 +0000  copying file ./GoogleMaps_GoogleMapsTarget.bundle/GoogleMaps.bundle/GMSCoreResources.bundle/measle_deviation@3x.png ... 
2026-08-12 09:07:05 +0000  1215 bytes for ./GoogleMaps_GoogleMapsTarget.bundle/GoogleMaps.bundle/GMSCoreResources.bundle/measle_deviation@3x.png
2026-08-12 09:07:05 +0000  copying file ./GoogleMaps_GoogleMapsTarget.bundle/GoogleMaps.bundle/GMSCoreResources.bundle/zh_HK.lproj/GMSCore.strings ... 
2026-08-12 09:07:05 +0000  5381 bytes for ./GoogleMaps_GoogleMapsTarget.bundle/GoogleMaps.bundle/GMSCoreResources.bundle/zh_HK.lproj/GMSCore.strings
2026-08-12 09:07:05 +0000  copying file ./GoogleMaps_GoogleMapsTarget.bundle/GoogleMaps.bundle/GMSCoreResources.bundle/road_4-1.png ... 
2026-08-12 09:07:05 +0000  74 bytes for ./GoogleMaps_GoogleMapsTarget.bundle/GoogleMaps.bundle/GMSCoreResources.bundle/road_4-1.png
2026-08-12 09:07:05 +0000  copying file ./GoogleMaps_GoogleMapsTarget.bundle/GoogleMaps.bundle/GMSCoreResources.bundle/ka.lproj/GMSCore.strings ... 
2026-08-12 09:07:05 +0000  6376 bytes for ./GoogleMaps_GoogleMapsTarget.bundle/GoogleMaps.bundle/GMSCoreResources.bundle/ka.lproj/GMSCore.strings
2026-08-12 09:07:05 +0000  copying file ./GoogleMaps_GoogleMapsTarget.bundle/GoogleMaps.bundle/GMSCoreResources.bundle/button_background@2x.png ... 
2026-08-12 09:07:05 +0000  433 bytes for ./GoogleMaps_GoogleMapsTarget.bundle/GoogleMaps.bundle/GMSCoreResources.bundle/button_background@2x.png
2026-08-12 09:07:05 +0000  copying file ./GoogleMaps_GoogleMapsTarget.bundle/GoogleMaps.bundle/GMSCoreResources.bundle/ic_compass_needle_32pt.png ... 
2026-08-12 09:07:05 +0000  742 bytes for ./GoogleMaps_GoogleMapsTarget.bundle/GoogleMaps.bundle/GMSCoreResources.bundle/ic_compass_needle_32pt.png
2026-08-12 09:07:05 +0000  copying file ./GoogleMaps_GoogleMapsTarget.bundle/GoogleMaps.bundle/GMSCoreResources.bundle/measle_I@3x.png ... 
2026-08-12 09:07:05 +0000  3977 bytes for ./GoogleMaps_GoogleMapsTarget.bundle/GoogleMaps.bundle/GMSCoreResources.bundle/measle_I@3x.png
2026-08-12 09:07:05 +0000  copying file ./GoogleMaps_GoogleMapsTarget.bundle/GoogleMaps.bundle/GMSCoreResources.bundle/measle_E@3x.png ... 
2026-08-12 09:07:05 +0000  4031 bytes for ./GoogleMaps_GoogleMapsTarget.bundle/GoogleMaps.bundle/GMSCoreResources.bundle/measle_E@3x.png
2026-08-12 09:07:05 +0000  copying file ./GoogleMaps_GoogleMapsTarget.bundle/GoogleMaps.bundle/GMSCoreResources.bundle/ic_compass_needle@2x.png ... 
2026-08-12 09:07:05 +0000  992 bytes for ./GoogleMaps_GoogleMapsTarget.bundle/GoogleMaps.bundle/GMSCoreResources.bundle/ic_compass_needle@2x.png
2026-08-12 09:07:05 +0000  copying file ./GoogleMaps_GoogleMapsTarget.bundle/GoogleMaps.bundle/GMSCoreResources.bundle/measle_S@2x.png ... 
2026-08-12 09:07:05 +0000  2222 bytes for ./GoogleMaps_GoogleMapsTarget.bundle/GoogleMaps.bundle/GMSCoreResources.bundle/measle_S@2x.png
2026-08-12 09:07:05 +0000  copying file ./GoogleMaps_GoogleMapsTarget.bundle/GoogleMaps.bundle/GMSCoreResources.bundle/Assets.car ... 
2026-08-12 09:07:05 +0000  20680 bytes for ./GoogleMaps_GoogleMapsTarget.bundle/GoogleMaps.bundle/GMSCoreResources.bundle/Assets.car
2026-08-12 09:07:05 +0000  copying file ./GoogleMaps_GoogleMapsTarget.bundle/GoogleMaps.bundle/GMSCoreResources.bundle/tr.lproj/GMSCore.strings ... 
2026-08-12 09:07:05 +0000  5904 bytes for ./GoogleMaps_GoogleMapsTarget.bundle/GoogleMaps.bundle/GMSCoreResources.bundle/tr.lproj/GMSCore.strings
2026-08-12 09:07:05 +0000  copying file ./GoogleMaps_GoogleMapsTarget.bundle/GoogleMaps.bundle/GMSCoreResources.bundle/GMSMapColors2Sprites-0-3x.png ... 
2026-08-12 09:07:05 +0000  13060 bytes for ./GoogleMaps_GoogleMapsTarget.bundle/GoogleMaps.bundle/GMSCoreResources.bundle/GMSMapColors2Sprites-0-3x.png
2026-08-12 09:07:05 +0000  copying file ./GoogleMaps_GoogleMapsTarget.bundle/GoogleMaps.bundle/GMSCoreResources.bundle/measle_K@2x.png ... 
2026-08-12 09:07:05 +0000  2166 bytes for ./GoogleMaps_GoogleMapsTarget.bundle/GoogleMaps.bundle/GMSCoreResources.bundle/measle_K@2x.png
2026-08-12 09:07:05 +0000  copying file ./GoogleMaps_GoogleMapsTarget.bundle/GoogleMaps.bundle/GMSCoreResources.bundle/pl.lproj/GMSCore.strings ... 
2026-08-12 09:07:05 +0000  5736 bytes for ./GoogleMaps_GoogleMapsTarget.bundle/GoogleMaps.bundle/GMSCoreResources.bundle/pl.lproj/GMSCore.strings
2026-08-12 09:07:05 +0000  copying file ./GoogleMaps_GoogleMapsTarget.bundle/GoogleMaps.bundle/GMSCoreResources.bundle/measle_dot.png ... 
2026-08-12 09:07:05 +0000  739 bytes for ./GoogleMaps_GoogleMapsTarget.bundle/GoogleMaps.bundle/GMSCoreResources.bundle/measle_dot.png
2026-08-12 09:07:05 +0000  copying file ./GoogleMaps_GoogleMapsTarget.bundle/GoogleMaps.bundle/GMSCoreResources.bundle/measle_G@2x.png ... 
2026-08-12 09:07:05 +0000  2214 bytes for ./GoogleMaps_GoogleMapsTarget.bundle/GoogleMaps.bundle/GMSCoreResources.bundle/measle_G@2x.png
2026-08-12 09:07:05 +0000  copying file ./GoogleMaps_GoogleMapsTarget.bundle/GoogleMaps.bundle/GMSCoreResources.bundle/measle_dot@2x.png ... 
2026-08-12 09:07:05 +0000  1622 bytes for ./GoogleMaps_GoogleMapsTarget.bundle/GoogleMaps.bundle/GMSCoreResources.bundle/measle_dot@2x.png
2026-08-12 09:07:05 +0000  copying file ./GoogleMaps_GoogleMapsTarget.bundle/GoogleMaps.bundle/GMSCoreResources.bundle/zh_TW.lproj/GMSCore.strings ... 
2026-08-12 09:07:05 +0000  5377 bytes for ./GoogleMaps_GoogleMapsTarget.bundle/GoogleMaps.bundle/GMSCoreResources.bundle/zh_TW.lproj/GMSCore.strings
2026-08-12 09:07:05 +0000  copying file ./GoogleMaps_GoogleMapsTarget.bundle/GoogleMaps.bundle/GMSCoreResources.bundle/ic_closed_place_waypoint_alert_32pt@3x.png ... 
2026-08-12 09:07:05 +0000  1643 bytes for ./GoogleMaps_GoogleMapsTarget.bundle/GoogleMaps.bundle/GMSCoreResources.bundle/ic_closed_place_waypoint_alert_32pt@3x.png
2026-08-12 09:07:05 +0000  copying file ./GoogleMaps_GoogleMapsTarget.bundle/GoogleMaps.bundle/GMSCoreResources.bundle/measle_Q@3x.png ... 
2026-08-12 09:07:05 +0000  4002 bytes for ./GoogleMaps_GoogleMapsTarget.bundle/GoogleMaps.bundle/GMSCoreResources.bundle/measle_Q@3x.png
2026-08-12 09:07:05 +0000  copying file ./GoogleMaps_GoogleMapsTarget.bundle/GoogleMaps.bundle/GMSCoreResources.bundle/GMSNavNightModeSprites-0-2x.png ... 
2026-08-12 09:07:05 +0000  7660 bytes for ./GoogleMaps_GoogleMapsTarget.bundle/GoogleMaps.bundle/GMSCoreResources.bundle/GMSNavNightModeSprites-0-2x.png
2026-08-12 09:07:05 +0000  copying file ./GoogleMaps_GoogleMapsTarget.bundle/GoogleMaps.bundle/GMSCoreResources.bundle/GMSNavNightModeSprites-0-3x.png ... 
2026-08-12 09:07:05 +0000  12519 bytes for ./GoogleMaps_GoogleMapsTarget.bundle/GoogleMaps.bundle/GMSCoreResources.bundle/GMSNavNightModeSprites-0-3x.png
2026-08-12 09:07:05 +0000  copying file ./GoogleMaps_GoogleMapsTarget.bundle/GoogleMaps.bundle/GMSCoreResources.bundle/measle_Q@2x.png ... 
2026-08-12 09:07:05 +0000  2233 bytes for ./GoogleMaps_GoogleMapsTarget.bundle/GoogleMaps.bundle/GMSCoreResources.bundle/measle_Q@2x.png
2026-08-12 09:07:05 +0000  copying file ./GoogleMaps_GoogleMapsTarget.bundle/GoogleMaps.bundle/GMSCoreResources.bundle/ic_closed_place_waypoint_alert_32pt@2x.png ... 
2026-08-12 09:07:05 +0000  1210 bytes for ./GoogleMaps_GoogleMapsTarget.bundle/GoogleMaps.bundle/GMSCoreResources.bundle/ic_closed_place_waypoint_alert_32pt@2x.png
2026-08-12 09:07:05 +0000  copying file ./GoogleMaps_GoogleMapsTarget.bundle/GoogleMaps.bundle/GMSCoreResources.bundle/en_GB.lproj/GMSCore.strings ... 
2026-08-12 09:07:05 +0000  4980 bytes for ./GoogleMaps_GoogleMapsTarget.bundle/GoogleMaps.bundle/GMSCoreResources.bundle/en_GB.lproj/GMSCore.strings
2026-08-12 09:07:05 +0000  copying file ./GoogleMaps_GoogleMapsTarget.bundle/GoogleMaps.bundle/GMSCoreResources.bundle/measle_G@3x.png ... 
2026-08-12 09:07:05 +0000  4244 bytes for ./GoogleMaps_GoogleMapsTarget.bundle/GoogleMaps.bundle/GMSCoreResources.bundle/measle_G@3x.png
2026-08-12 09:07:05 +0000  copying file ./GoogleMaps_GoogleMapsTarget.bundle/GoogleMaps.bundle/GMSCoreResources.bundle/measle_dot@3x.png ... 
2026-08-12 09:07:05 +0000  3288 bytes for ./GoogleMaps_GoogleMapsTarget.bundle/GoogleMaps.bundle/GMSCoreResources.bundle/measle_dot@3x.png
2026-08-12 09:07:05 +0000  copying file ./GoogleMaps_GoogleMapsTarget.bundle/GoogleMaps.bundle/GMSCoreResources.bundle/measle_K@3x.png ... 
2026-08-12 09:07:05 +0000  4192 bytes for ./GoogleMaps_GoogleMapsTarget.bundle/GoogleMaps.bundle/GMSCoreResources.bundle/measle_K@3x.png
2026-08-12 09:07:05 +0000  copying file ./GoogleMaps_GoogleMapsTarget.bundle/GoogleMaps.bundle/GMSCoreResources.bundle/GMSMapColors2Sprites-0-2x.png ... 
2026-08-12 09:07:05 +0000  8548 bytes for ./GoogleMaps_GoogleMapsTarget.bundle/GoogleMaps.bundle/GMSCoreResources.bundle/GMSMapColors2Sprites-0-2x.png
2026-08-12 09:07:05 +0000  copying file ./GoogleMaps_GoogleMapsTarget.bundle/GoogleMaps.bundle/GMSCoreResources.bundle/dav_one_way_16_256.png ... 
2026-08-12 09:07:05 +0000  315 bytes for ./GoogleMaps_GoogleMapsTarget.bundle/GoogleMaps.bundle/GMSCoreResources.bundle/dav_one_way_16_256.png
2026-08-12 09:07:05 +0000  copying file ./GoogleMaps_GoogleMapsTarget.bundle/GoogleMaps.bundle/GMSCoreResources.bundle/measle_S@3x.png ... 
2026-08-12 09:07:05 +0000  4290 bytes for ./GoogleMaps_GoogleMapsTarget.bundle/GoogleMaps.bundle/GMSCoreResources.bundle/measle_S@3x.png
2026-08-12 09:07:05 +0000  copying file ./GoogleMaps_GoogleMapsTarget.bundle/GoogleMaps.bundle/GMSCoreResources.bundle/road_2-1.png ... 
2026-08-12 09:07:05 +0000  84 bytes for ./GoogleMaps_GoogleMapsTarget.bundle/GoogleMaps.bundle/GMSCoreResources.bundle/road_2-1.png
2026-08-12 09:07:05 +0000  copying file ./GoogleMaps_GoogleMapsTarget.bundle/GoogleMaps.bundle/GMSCoreResources.bundle/measle_E@2x.png ... 
2026-08-12 09:07:05 +0000  2082 bytes for ./GoogleMaps_GoogleMapsTarget.bundle/GoogleMaps.bundle/GMSCoreResources.bundle/measle_E@2x.png
2026-08-12 09:07:05 +0000  copying file ./GoogleMaps_GoogleMapsTarget.bundle/GoogleMaps.bundle/GMSCoreResources.bundle/vi.lproj/GMSCore.strings ... 
2026-08-12 09:07:05 +0000  6491 bytes for ./GoogleMaps_GoogleMapsTarget.bundle/GoogleMaps.bundle/GMSCoreResources.bundle/vi.lproj/GMSCore.strings
2026-08-12 09:07:05 +0000  copying file ./GoogleMaps_GoogleMapsTarget.bundle/GoogleMaps.bundle/GMSCoreResources.bundle/measle_I@2x.png ... 
2026-08-12 09:07:05 +0000  2046 bytes for ./GoogleMaps_GoogleMapsTarget.bundle/GoogleMaps.bundle/GMSCoreResources.bundle/measle_I@2x.png
2026-08-12 09:07:05 +0000  copying file ./GoogleMaps_GoogleMapsTarget.bundle/GoogleMaps.bundle/GMSCoreResources.bundle/button_background@3x.png ... 
2026-08-12 09:07:05 +0000  515 bytes for ./GoogleMaps_GoogleMapsTarget.bundle/GoogleMaps.bundle/GMSCoreResources.bundle/button_background@3x.png
2026-08-12 09:07:05 +0000  copying file ./GoogleMaps_GoogleMapsTarget.bundle/GoogleMaps.bundle/GMSCoreResources.bundle/road_32-8.png ... 
2026-08-12 09:07:05 +0000  223 bytes for ./GoogleMaps_GoogleMapsTarget.bundle/GoogleMaps.bundle/GMSCoreResources.bundle/road_32-8.png
2026-08-12 09:07:05 +0000  copying file ./GoogleMaps_GoogleMapsTarget.bundle/GoogleMaps.bundle/GMSCoreResources.bundle/lt.lproj/GMSCore.strings ... 
2026-08-12 09:07:05 +0000  5837 bytes for ./GoogleMaps_GoogleMapsTarget.bundle/GoogleMaps.bundle/GMSCoreResources.bundle/lt.lproj/GMSCore.strings
2026-08-12 09:07:05 +0000  copying file ./GoogleMaps_GoogleMapsTarget.bundle/GoogleMaps.bundle/GMSCoreResources.bundle/ru.lproj/GMSCore.strings ... 
2026-08-12 09:07:05 +0000  6607 bytes for ./GoogleMaps_GoogleMapsTarget.bundle/GoogleMaps.bundle/GMSCoreResources.bundle/ru.lproj/GMSCore.strings
2026-08-12 09:07:05 +0000  copying file ./GoogleMaps_GoogleMapsTarget.bundle/GoogleMaps.bundle/GMSCoreResources.bundle/measle_deviation@2x.png ... 
2026-08-12 09:07:05 +0000  910 bytes for ./GoogleMaps_GoogleMapsTarget.bundle/GoogleMaps.bundle/GMSCoreResources.bundle/measle_deviation@2x.png
2026-08-12 09:07:05 +0000  copying file ./GoogleMaps_GoogleMapsTarget.bundle/GoogleMaps.bundle/GMSCoreResources.bundle/GMSShaders.metallib ... 
2026-08-12 09:07:05 +0000  239784 bytes for ./GoogleMaps_GoogleMapsTarget.bundle/GoogleMaps.bundle/GMSCoreResources.bundle/GMSShaders.metallib
copying file ./GoogleMaps_GoogleMapsTarget.bundle/GoogleMaps.bundle/GMSCoreResources.bundle/GMSMapColors2NavSprites-0-1x.png ... 
2026-08-12 09:07:05 +0000  1122 bytes for ./GoogleMaps_GoogleMapsTarget.bundle/GoogleMaps.bundle/GMSCoreResources.bundle/GMSMapColors2NavSprites-0-1x.png
2026-08-12 09:07:05 +0000  copying file ./GoogleMaps_GoogleMapsTarget.bundle/GoogleMaps.bundle/GMSCoreResources.bundle/polyline_colors_texture_dim.png ... 
2026-08-12 09:07:05 +0000  7485 bytes for ./GoogleMaps_GoogleMapsTarget.bundle/GoogleMaps.bundle/GMSCoreResources.bundle/polyline_colors_texture_dim.png
2026-08-12 09:07:05 +0000  copying file ./GoogleMaps_GoogleMapsTarget.bundle/GoogleMaps.bundle/GMSCoreResources.bundle/ic_covid_checkpoint_waypoint_alert_32pt@3x.png ... 
2026-08-12 09:07:05 +0000  1826 bytes for ./GoogleMaps_GoogleMapsTarget.bundle/GoogleMaps.bundle/GMSCoreResources.bundle/ic_covid_checkpoint_waypoint_alert_32pt@3x.png
2026-08-12 09:07:05 +0000  copying file ./GoogleMaps_GoogleMapsTarget.bundle/GoogleMaps.bundle/GMSCoreResources.bundle/ic_closed_place_waypoint_alert_night_32pt.png ... 
2026-08-12 09:07:05 +0000  435 bytes for ./GoogleMaps_GoogleMapsTarget.bundle/GoogleMaps.bundle/GMSCoreResources.bundle/ic_closed_place_waypoint_alert_night_32pt.png
2026-08-12 09:07:05 +0000  copying file ./GoogleMaps_GoogleMapsTarget.bundle/GoogleMaps.bundle/GMSCoreResources.bundle/fr_CA.lproj/GMSCore.strings ... 
2026-08-12 09:07:05 +0000  6045 bytes for ./GoogleMaps_GoogleMapsTarget.bundle/GoogleMaps.bundle/GMSCoreResources.bundle/fr_CA.lproj/GMSCore.strings
2026-08-12 09:07:05 +0000  copying file ./GoogleMaps_GoogleMapsTarget.bundle/GoogleMaps.bundle/GMSCoreResources.bundle/measle_K.png ... 
2026-08-12 09:07:05 +0000  843 bytes for ./GoogleMaps_GoogleMapsTarget.bundle/GoogleMaps.bundle/GMSCoreResources.bundle/measle_K.png
2026-08-12 09:07:05 +0000  copying file ./GoogleMaps_GoogleMapsTarget.bundle/GoogleMaps.bundle/GMSCoreResources.bundle/measle_deviation.png ... 
2026-08-12 09:07:05 +0000  582 bytes for ./GoogleMaps_GoogleMapsTarget.bundle/GoogleMaps.bundle/GMSCoreResources.bundle/measle_deviation.png
2026-08-12 09:07:05 +0000  copying file ./GoogleMaps_GoogleMapsTarget.bundle/GoogleMaps.bundle/GMSCoreResources.bundle/measle_M@2x.png ... 
2026-08-12 09:07:05 +0000  2225 bytes for ./GoogleMaps_GoogleMapsTarget.bundle/GoogleMaps.bundle/GMSCoreResources.bundle/measle_M@2x.png
2026-08-12 09:07:05 +0000  copying file ./GoogleMaps_GoogleMapsTarget.bundle/GoogleMaps.bundle/GMSCoreResources.bundle/ic_covid_checkpoint_waypoint_alert_night_32pt@3x.png ... 
2026-08-12 09:07:05 +0000  1841 bytes for ./GoogleMaps_GoogleMapsTarget.bundle/GoogleMaps.bundle/GMSCoreResources.bundle/ic_covid_checkpoint_waypoint_alert_night_32pt@3x.png
2026-08-12 09:07:05 +0000  copying file ./GoogleMaps_GoogleMapsTarget.bundle/GoogleMaps.bundle/GMSCoreResources.bundle/ic_compass_needle_32pt@2x.png ... 
2026-08-12 09:07:05 +0000  1360 bytes for ./GoogleMaps_GoogleMapsTarget.bundle/GoogleMaps.bundle/GMSCoreResources.bundle/ic_compass_needle_32pt@2x.png
2026-08-12 09:07:05 +0000  copying file ./GoogleMaps_GoogleMapsTarget.bundle/GoogleMaps.bundle/GMSCoreResources.bundle/road_128-32.png ... 
2026-08-12 09:07:05 +0000  1029 bytes for ./GoogleMaps_GoogleMapsTarget.bundle/GoogleMaps.bundle/GMSCoreResources.bundle/road_128-32.png
2026-08-12 09:07:05 +0000  copying file ./GoogleMaps_GoogleMapsTarget.bundle/GoogleMaps.bundle/GMSCoreResources.bundle/measle_W@3x.png ... 
2026-08-12 09:07:05 +0000  4392 bytes for ./GoogleMaps_GoogleMapsTarget.bundle/GoogleMaps.bundle/GMSCoreResources.bundle/measle_W@3x.png
2026-08-12 09:07:05 +0000  copying file ./GoogleMaps_GoogleMapsTarget.bundle/GoogleMaps.bundle/GMSCoreResources.bundle/uz.lproj/GMSCore.strings ... 
2026-08-12 09:07:05 +0000  5092 bytes for ./GoogleMaps_GoogleMapsTarget.bundle/GoogleMaps.bundle/GMSCoreResources.bundle/uz.lproj/GMSCore.strings
2026-08-12 09:07:05 +0000  copying file ./GoogleMaps_GoogleMapsTarget.bundle/GoogleMaps.bundle/GMSCoreResources.bundle/measle_blank@3x.png ... 
2026-08-12 09:07:05 +0000  3148 bytes for ./GoogleMaps_GoogleMapsTarget.bundle/GoogleMaps.bundle/GMSCoreResources.bundle/measle_blank@3x.png
2026-08-12 09:07:05 +0000  copying file ./GoogleMaps_GoogleMapsTarget.bundle/GoogleMaps.bundle/GMSCoreResources.bundle/ic_covid_medical_waypoint_alert_32pt.png ... 
2026-08-12 09:07:05 +0000  441 bytes for ./GoogleMaps_GoogleMapsTarget.bundle/GoogleMaps.bundle/GMSCoreResources.bundle/ic_covid_medical_waypoint_alert_32pt.png
2026-08-12 09:07:05 +0000  copying file ./GoogleMaps_GoogleMapsTarget.bundle/GoogleMaps.bundle/GMSCoreResources.bundle/measle_A@2x.png ... 
2026-08-12 09:07:05 +0000  2183 bytes for ./GoogleMaps_GoogleMapsTarget.bundle/GoogleMaps.bundle/GMSCoreResources.bundle/measle_A@2x.png
2026-08-12 09:07:05 +0000  copying file ./GoogleMaps_GoogleMapsTarget.bundle/GoogleMaps.bundle/GMSCoreResources.bundle/measle_O@3x.png ... 
2026-08-12 09:07:05 +0000  4268 bytes for ./GoogleMaps_GoogleMapsTarget.bundle/GoogleMaps.bundle/GMSCoreResources.bundle/measle_O@3x.png
2026-08-12 09:07:05 +0000  copying file ./GoogleMaps_GoogleMapsTarget.bundle/GoogleMaps.bundle/GMSCoreResources.bundle/fr.lproj/GMSCore.strings ... 
2026-08-12 09:07:05 +0000  6303 bytes for ./GoogleMaps_GoogleMapsTarget.bundle/GoogleMaps.bundle/GMSCoreResources.bundle/fr.lproj/GMSCore.strings
2026-08-12 09:07:05 +0000  copying file ./GoogleMaps_GoogleMapsTarget.bundle/GoogleMaps.bundle/GMSCoreResources.bundle/fi.lproj/GMSCore.strings ... 
2026-08-12 09:07:05 +0000  5694 bytes for ./GoogleMaps_GoogleMapsTarget.bundle/GoogleMaps.bundle/GMSCoreResources.bundle/fi.lproj/GMSCore.strings
2026-08-12 09:07:05 +0000  copying file ./GoogleMaps_GoogleMapsTarget.bundle/GoogleMaps.bundle/GMSCoreResources.bundle/measle_Y@2x.png ... 
2026-08-12 09:07:05 +0000  2160 bytes for ./GoogleMaps_GoogleMapsTarget.bundle/GoogleMaps.bundle/GMSCoreResources.bundle/measle_Y@2x.png
2026-08-12 09:07:05 +0000  copying file ./GoogleMaps_GoogleMapsTarget.bundle/GoogleMaps.bundle/GMSCoreResources.bundle/id.lproj/GMSCore.strings ... 
2026-08-12 09:07:05 +0000  4988 bytes for ./GoogleMaps_GoogleMapsTarget.bundle/GoogleMaps.bundle/GMSCoreResources.bundle/id.lproj/GMSCore.strings
2026-08-12 09:07:05 +0000  copying file ./GoogleMaps_GoogleMapsTarget.bundle/GoogleMaps.bundle/GMSCoreResources.bundle/nl.lproj/GMSCore.strings ... 
2026-08-12 09:07:05 +0000  5281 bytes for ./GoogleMaps_GoogleMapsTarget.bundle/GoogleMaps.bundle/GMSCoreResources.bundle/nl.lproj/GMSCore.strings
2026-08-12 09:07:05 +0000  copying file ./GoogleMaps_GoogleMapsTarget.bundle/GoogleMaps.bundle/GMSCoreResources.bundle/th.lproj/GMSCore.strings ... 
2026-08-12 09:07:05 +0000  6702 bytes for ./GoogleMaps_GoogleMapsTarget.bundle/GoogleMaps.bundle/GMSCoreResources.bundle/th.lproj/GMSCore.strings
2026-08-12 09:07:05 +0000  copying file ./GoogleMaps_GoogleMapsTarget.bundle/GoogleMaps.bundle/GMSCoreResources.bundle/measle_U@2x.png ... 
2026-08-12 09:07:05 +0000  2136 bytes for ./GoogleMaps_GoogleMapsTarget.bundle/GoogleMaps.bundle/GMSCoreResources.bundle/measle_U@2x.png
2026-08-12 09:07:05 +0000  copying file ./GoogleMaps_GoogleMapsTarget.bundle/GoogleMaps.bundle/GMSCoreResources.bundle/ic_covid_medical_waypoint_alert_night_32pt@3x.png ... 
2026-08-12 09:07:05 +0000  1066 bytes for ./GoogleMaps_GoogleMapsTarget.bundle/GoogleMaps.bundle/GMSCoreResources.bundle/ic_covid_medical_waypoint_alert_night_32pt@3x.png
2026-08-12 09:07:05 +0000  copying file ./GoogleMaps_GoogleMapsTarget.bundle/GoogleMaps.bundle/GMSCoreResources.bundle/measle_C@3x.png ... 
2026-08-12 09:07:05 +0000  4247 bytes for ./GoogleMaps_GoogleMapsTarget.bundle/GoogleMaps.bundle/GMSCoreResources.bundle/measle_C@3x.png
2026-08-12 09:07:05 +0000  copying file ./GoogleMaps_GoogleMapsTarget.bundle/GoogleMaps.bundle/GMSCoreResources.bundle/az.lproj/GMSCore.strings ... 
2026-08-12 09:07:05 +0000  6267 bytes for ./GoogleMaps_GoogleMapsTarget.bundle/GoogleMaps.bundle/GMSCoreResources.bundle/az.lproj/GMSCore.strings
2026-08-12 09:07:05 +0000  copying file ./GoogleMaps_GoogleMapsTarget.bundle/GoogleMaps.bundle/GMSCoreResources.bundle/measle_J.png ... 
2026-08-12 09:07:05 +0000  804 bytes for ./GoogleMaps_GoogleMapsTarget.bundle/GoogleMaps.bundle/GMSCoreResources.bundle/measle_J.png
2026-08-12 09:07:05 +0000  copying file ./GoogleMaps_GoogleMapsTarget.bundle/GoogleMaps.bundle/GMSCoreResources.bundle/measle_H.png ... 
2026-08-12 09:07:05 +0000  800 bytes for ./GoogleMaps_GoogleMapsTarget.bundle/GoogleMaps.bundle/GMSCoreResources.bundle/measle_H.png
2026-08-12 09:07:05 +0000  copying file ./GoogleMaps_GoogleMapsTarget.bundle/GoogleMaps.bundle/GMSCoreResources.bundle/road_64-16.png ... 
2026-08-12 09:07:05 +0000  425 bytes for ./GoogleMaps_GoogleMapsTarget.bundle/GoogleMaps.bundle/GMSCoreResources.bundle/road_64-16.png
2026-08-12 09:07:05 +0000  copying file ./GoogleMaps_GoogleMapsTarget.bundle/GoogleMaps.bundle/GMSCoreResources.bundle/GMSSprites-0-3x.png ... 
2026-08-12 09:07:05 +0000  110342 bytes for ./GoogleMaps_GoogleMapsTarget.bundle/GoogleMaps.bundle/GMSCoreResources.bundle/GMSSprites-0-3x.png
2026-08-12 09:07:05 +0000  copying file ./GoogleMaps_GoogleMapsTarget.bundle/GoogleMaps.bundle/GMSCoreResources.bundle/polyline_colors_texture.png ... 
2026-08-12 09:07:05 +0000  7433 bytes for ./GoogleMaps_GoogleMapsTarget.bundle/GoogleMaps.bundle/GMSCoreResources.bundle/polyline_colors_texture.png
2026-08-12 09:07:05 +0000  copying file ./GoogleMaps_GoogleMapsTarget.bundle/GoogleMaps.bundle/GMSCoreResources.bundle/ic_compass_needle.png ... 
2026-08-12 09:07:05 +0000  483 bytes for ./GoogleMaps_GoogleMapsTarget.bundle/GoogleMaps.bundle/GMSCoreResources.bundle/ic_compass_needle.png
2026-08-12 09:07:05 +0000  copying file ./GoogleMaps_GoogleMapsTarget.bundle/GoogleMaps.bundle/GMSCoreResources.bundle/GMSShadersSim.metallib ... 
2026-08-12 09:07:05 +0000  241000 bytes for ./GoogleMaps_GoogleMapsTarget.bundle/GoogleMaps.bundle/GMSCoreResources.bundle/GMSShadersSim.metallib
2026-08-12 09:07:05 +0000  copying file ./GoogleMaps_GoogleMapsTarget.bundle/GoogleMaps.bundle/GMSCoreResources.bundle/ic_covid_border_waypoint_alert_32pt@2x.png ... 
2026-08-12 09:07:05 +0000  1012 bytes for ./GoogleMaps_GoogleMapsTarget.bundle/GoogleMaps.bundle/GMSCoreResources.bundle/ic_covid_border_waypoint_alert_32pt@2x.png
2026-08-12 09:07:05 +0000  copying file ./GoogleMaps_GoogleMapsTarget.bundle/GoogleMaps.bundle/GMSCoreResources.bundle/ic_closed_place_waypoint_alert_night_32pt@2x.png ... 
2026-08-12 09:07:05 +0000  1069 bytes for ./GoogleMaps_GoogleMapsTarget.bundle/GoogleMaps.bundle/GMSCoreResources.bundle/ic_closed_place_waypoint_alert_night_32pt@2x.png
2026-08-12 09:07:05 +0000  copying file ./GoogleMaps_GoogleMapsTarget.bundle/GoogleMaps.bundle/GMSCoreResources.bundle/GMSMapColors2NavNightModeSprites-0-3x.png ... 
2026-08-12 09:07:05 +0000  12110 bytes for ./GoogleMaps_GoogleMapsTarget.bundle/GoogleMaps.bundle/GMSCoreResources.bundle/GMSMapColors2NavNightModeSprites-0-3x.png
2026-08-12 09:07:05 +0000  copying file ./GoogleMaps_GoogleMapsTarget.bundle/GoogleMaps.bundle/GMSCoreResources.bundle/measle_I.png ... 
2026-08-12 09:07:05 +0000  776 bytes for ./GoogleMaps_GoogleMapsTarget.bundle/GoogleMaps.bundle/GMSCoreResources.bundle/measle_I.png
2026-08-12 09:07:05 +0000  copying file ./GoogleMaps_GoogleMapsTarget.bundle/GoogleMaps.bundle/GMSCoreResources.bundle/measle_M.png ... 
2026-08-12 09:07:05 +0000  860 bytes for ./GoogleMaps_GoogleMapsTarget.bundle/GoogleMaps.bundle/GMSCoreResources.bundle/measle_M.png
2026-08-12 09:07:05 +0000  copying file ./GoogleMaps_GoogleMapsTarget.bundle/GoogleMaps.bundle/GMSCoreResources.bundle/road_1-1.png ... 
2026-08-12 09:07:05 +0000  95 bytes for ./GoogleMaps_GoogleMapsTarget.bundle/GoogleMaps.bundle/GMSCoreResources.bundle/road_1-1.png
2026-08-12 09:07:05 +0000  copying file ./GoogleMaps_GoogleMapsTarget.bundle/GoogleMaps.bundle/GMSCoreResources.bundle/GMSMapColors2NavNightModeSprites-0-2x.png ... 
2026-08-12 09:07:05 +0000  7564 bytes for ./GoogleMaps_GoogleMapsTarget.bundle/GoogleMaps.bundle/GMSCoreResources.bundle/GMSMapColors2NavNightModeSprites-0-2x.png
2026-08-12 09:07:05 +0000  copying file ./GoogleMaps_GoogleMapsTarget.bundle/GoogleMaps.bundle/GMSCoreResources.bundle/ic_location_off.png ... 
2026-08-12 09:07:05 +0000  498 bytes for ./GoogleMaps_GoogleMapsTarget.bundle/GoogleMaps.bundle/GMSCoreResources.bundle/ic_location_off.png
2026-08-12 09:07:05 +0000  copying file ./GoogleMaps_GoogleMapsTarget.bundle/GoogleMaps.bundle/GMSCoreResources.bundle/ic_covid_border_waypoint_alert_32pt@3x.png ... 
2026-08-12 09:07:05 +0000  1353 bytes for ./GoogleMaps_GoogleMapsTarget.bundle/GoogleMaps.bundle/GMSCoreResources.bundle/ic_covid_border_waypoint_alert_32pt@3x.png
2026-08-12 09:07:05 +0000  copying file ./GoogleMaps_GoogleMapsTarget.bundle/GoogleMaps.bundle/GMSCoreResources.bundle/ic_closed_place_waypoint_alert_night_32pt@3x.png ... 
2026-08-12 09:07:05 +0000  1472 bytes for ./GoogleMaps_GoogleMapsTarget.bundle/GoogleMaps.bundle/GMSCoreResources.bundle/ic_closed_place_waypoint_alert_night_32pt@3x.png
2026-08-12 09:07:05 +0000  copying file ./GoogleMaps_GoogleMapsTarget.bundle/GoogleMaps.bundle/GMSCoreResources.bundle/ro.lproj/GMSCore.strings ... 
2026-08-12 09:07:05 +0000  5467 bytes for ./GoogleMaps_GoogleMapsTarget.bundle/GoogleMaps.bundle/GMSCoreResources.bundle/ro.lproj/GMSCore.strings
2026-08-12 09:07:05 +0000  copying file ./GoogleMaps_GoogleMapsTarget.bundle/GoogleMaps.bundle/GMSCoreResources.bundle/measle_blank.png ... 
2026-08-12 09:07:05 +0000  707 bytes for ./GoogleMaps_GoogleMapsTarget.bundle/GoogleMaps.bundle/GMSCoreResources.bundle/measle_blank.png
2026-08-12 09:07:05 +0000  copying file ./GoogleMaps_GoogleMapsTarget.bundle/GoogleMaps.bundle/GMSCoreResources.bundle/measle_L.png ... 
2026-08-12 09:07:05 +0000  787 bytes for ./GoogleMaps_GoogleMapsTarget.bundle/GoogleMaps.bundle/GMSCoreResources.bundle/measle_L.png
2026-08-12 09:07:05 +0000  copying file ./GoogleMaps_GoogleMapsTarget.bundle/GoogleMaps.bundle/GMSCoreResources.bundle/Info.plist ... 
2026-08-12 09:07:05 +0000  380 bytes for ./GoogleMaps_GoogleMapsTarget.bundle/GoogleMaps.bundle/GMSCoreResources.bundle/Info.plist
2026-08-12 09:07:05 +0000  copying file ./GoogleMaps_GoogleMapsTarget.bundle/GoogleMaps.bundle/GMSCoreResources.bundle/GMSSprites-0-2x.png ... 
2026-08-12 09:07:05 +0000  56533 bytes for ./GoogleMaps_GoogleMapsTarget.bundle/GoogleMaps.bundle/GMSCoreResources.bundle/GMSSprites-0-2x.png
2026-08-12 09:07:05 +0000  copying file ./GoogleMaps_GoogleMapsTarget.bundle/GoogleMaps.bundle/GMSCoreResources.bundle/measle_Y.png ... 
2026-08-12 09:07:05 +0000  834 bytes for ./GoogleMaps_GoogleMapsTarget.bundle/GoogleMaps.bundle/GMSCoreResources.bundle/measle_Y.png
2026-08-12 09:07:05 +0000  copying file ./GoogleMaps_GoogleMapsTarget.bundle/GoogleMaps.bundle/GMSCoreResources.bundle/measle_N.png ... 
2026-08-12 09:07:05 +0000  836 bytes for ./GoogleMaps_GoogleMapsTarget.bundle/GoogleMaps.bundle/GMSCoreResources.bundle/measle_N.png
copying file ./GoogleMaps_GoogleMapsTarget.bundle/GoogleMaps.bundle/GMSCoreResources.bundle/measle_C@2x.png ... 
2026-08-12 09:07:05 +0000  2208 bytes for ./GoogleMaps_GoogleMapsTarget.bundle/GoogleMaps.bundle/GMSCoreResources.bundle/measle_C@2x.png
2026-08-12 09:07:05 +0000  copying file ./GoogleMaps_GoogleMapsTarget.bundle/GoogleMaps.bundle/GMSCoreResources.bundle/ic_covid_medical_waypoint_alert_night_32pt.png ... 
2026-08-12 09:07:05 +0000  382 bytes for ./GoogleMaps_GoogleMapsTarget.bundle/GoogleMaps.bundle/GMSCoreResources.bundle/ic_covid_medical_waypoint_alert_night_32pt.png
2026-08-12 09:07:05 +0000  copying file ./GoogleMaps_GoogleMapsTarget.bundle/GoogleMaps.bundle/GMSCoreResources.bundle/ic_covid_checkpoint_waypoint_alert_32pt.png ... 
2026-08-12 09:07:05 +0000  601 bytes for ./GoogleMaps_GoogleMapsTarget.bundle/GoogleMaps.bundle/GMSCoreResources.bundle/ic_covid_checkpoint_waypoint_alert_32pt.png
2026-08-12 09:07:05 +0000  copying file ./GoogleMaps_GoogleMapsTarget.bundle/GoogleMaps.bundle/GMSCoreResources.bundle/ic_covid_medical_waypoint_alert_night_32pt@2x.png ... 
2026-08-12 09:07:05 +0000  825 bytes for ./GoogleMaps_GoogleMapsTarget.bundle/GoogleMaps.bundle/GMSCoreResources.bundle/ic_covid_medical_waypoint_alert_night_32pt@2x.png
2026-08-12 09:07:05 +0000  copying file ./GoogleMaps_GoogleMapsTarget.bundle/GoogleMaps.bundle/GMSCoreResources.bundle/measle_U@3x.png ... 
2026-08-12 09:07:05 +0000  4120 bytes for ./GoogleMaps_GoogleMapsTarget.bundle/GoogleMaps.bundle/GMSCoreResources.bundle/measle_U@3x.png
2026-08-12 09:07:05 +0000  copying file ./GoogleMaps_GoogleMapsTarget.bundle/GoogleMaps.bundle/GMSCoreResources.bundle/measle_Y@3x.png ... 
2026-08-12 09:07:05 +0000  4118 bytes for ./GoogleMaps_GoogleMapsTarget.bundle/GoogleMaps.bundle/GMSCoreResources.bundle/measle_Y@3x.png
2026-08-12 09:07:05 +0000  copying file ./GoogleMaps_GoogleMapsTarget.bundle/GoogleMaps.bundle/GMSCoreResources.bundle/button_compass_night@2x.png ... 
2026-08-12 09:07:05 +0000  2221 bytes for ./GoogleMaps_GoogleMapsTarget.bundle/GoogleMaps.bundle/GMSCoreResources.bundle/button_compass_night@2x.png
2026-08-12 09:07:05 +0000  copying file ./GoogleMaps_GoogleMapsTarget.bundle/GoogleMaps.bundle/GMSCoreResources.bundle/button_compass@2x.png ... 
2026-08-12 09:07:05 +0000  2560 bytes for ./GoogleMaps_GoogleMapsTarget.bundle/GoogleMaps.bundle/GMSCoreResources.bundle/button_compass@2x.png
2026-08-12 09:07:05 +0000  copying file ./GoogleMaps_GoogleMapsTarget.bundle/GoogleMaps.bundle/GMSCoreResources.bundle/measle_O@2x.png ... 
2026-08-12 09:07:05 +0000  2222 bytes for ./GoogleMaps_GoogleMapsTarget.bundle/GoogleMaps.bundle/GMSCoreResources.bundle/measle_O@2x.png
2026-08-12 09:07:05 +0000  copying file ./GoogleMaps_GoogleMapsTarget.bundle/GoogleMaps.bundle/GMSCoreResources.bundle/measle_blank@2x.png ... 
2026-08-12 09:07:05 +0000  1575 bytes for ./GoogleMaps_GoogleMapsTarget.bundle/GoogleMaps.bundle/GMSCoreResources.bundle/measle_blank@2x.png
2026-08-12 09:07:05 +0000  copying file ./GoogleMaps_GoogleMapsTarget.bundle/GoogleMaps.bundle/GMSCoreResources.bundle/measle_A@3x.png ... 
2026-08-12 09:07:05 +0000  4214 bytes for ./GoogleMaps_GoogleMapsTarget.bundle/GoogleMaps.bundle/GMSCoreResources.bundle/measle_A@3x.png
2026-08-12 09:07:05 +0000  copying file ./GoogleMaps_GoogleMapsTarget.bundle/GoogleMaps.bundle/GMSCoreResources.bundle/hr.lproj/GMSCore.strings ... 
2026-08-12 09:07:05 +0000  5157 bytes for ./GoogleMaps_GoogleMapsTarget.bundle/GoogleMaps.bundle/GMSCoreResources.bundle/hr.lproj/GMSCore.strings
2026-08-12 09:07:05 +0000  copying file ./GoogleMaps_GoogleMapsTarget.bundle/GoogleMaps.bundle/GMSCoreResources.bundle/hi.lproj/GMSCore.strings ... 
2026-08-12 09:07:05 +0000  6486 bytes for ./GoogleMaps_GoogleMapsTarget.bundle/GoogleMaps.bundle/GMSCoreResources.bundle/hi.lproj/GMSCore.strings
2026-08-12 09:07:05 +0000  copying file ./GoogleMaps_GoogleMapsTarget.bundle/GoogleMaps.bundle/GMSCoreResources.bundle/measle_W@2x.png ... 
2026-08-12 09:07:05 +0000  2298 bytes for ./GoogleMaps_GoogleMapsTarget.bundle/GoogleMaps.bundle/GMSCoreResources.bundle/measle_W@2x.png
2026-08-12 09:07:05 +0000  copying file ./GoogleMaps_GoogleMapsTarget.bundle/GoogleMaps.bundle/GMSCoreResources.bundle/ca.lproj/GMSCore.strings ... 
2026-08-12 09:07:05 +0000  5408 bytes for ./GoogleMaps_GoogleMapsTarget.bundle/GoogleMaps.bundle/GMSCoreResources.bundle/ca.lproj/GMSCore.strings
2026-08-12 09:07:05 +0000  copying file ./GoogleMaps_GoogleMapsTarget.bundle/GoogleMaps.bundle/GMSCoreResources.bundle/ic_compass_needle_32pt@3x.png ... 
2026-08-12 09:07:05 +0000  1962 bytes for ./GoogleMaps_GoogleMapsTarget.bundle/GoogleMaps.bundle/GMSCoreResources.bundle/ic_compass_needle_32pt@3x.png
2026-08-12 09:07:05 +0000  copying file ./GoogleMaps_GoogleMapsTarget.bundle/GoogleMaps.bundle/GMSCoreResources.bundle/measle_M@3x.png ... 
2026-08-12 09:07:05 +0000  4281 bytes for ./GoogleMaps_GoogleMapsTarget.bundle/GoogleMaps.bundle/GMSCoreResources.bundle/measle_M@3x.png
2026-08-12 09:07:05 +0000  copying file ./GoogleMaps_GoogleMapsTarget.bundle/GoogleMaps.bundle/GMSCoreResources.bundle/ic_covid_checkpoint_waypoint_alert_night_32pt@2x.png ... 
2026-08-12 09:07:05 +0000  1380 bytes for ./GoogleMaps_GoogleMapsTarget.bundle/GoogleMaps.bundle/GMSCoreResources.bundle/ic_covid_checkpoint_waypoint_alert_night_32pt@2x.png
2026-08-12 09:07:05 +0000  copying file ./GoogleMaps_GoogleMapsTarget.bundle/GoogleMaps.bundle/GMSCoreResources.bundle/measle_O.png ... 
2026-08-12 09:07:05 +0000  857 bytes for ./GoogleMaps_GoogleMapsTarget.bundle/GoogleMaps.bundle/GMSCoreResources.bundle/measle_O.png
2026-08-12 09:07:05 +0000  copying file ./GoogleMaps_GoogleMapsTarget.bundle/GoogleMaps.bundle/GMSCoreResources.bundle/measle_X.png ... 
2026-08-12 09:07:05 +0000  849 bytes for ./GoogleMaps_GoogleMapsTarget.bundle/GoogleMaps.bundle/GMSCoreResources.bundle/measle_X.png
2026-08-12 09:07:05 +0000  copying file ./GoogleMaps_GoogleMapsTarget.bundle/GoogleMaps.bundle/my.lproj/MapsSDKAccessibility.strings ... 
2026-08-12 09:07:05 +0000  207 bytes for ./GoogleMaps_GoogleMapsTarget.bundle/GoogleMaps.bundle/my.lproj/MapsSDKAccessibility.strings
2026-08-12 09:07:05 +0000  copying file ./GoogleMaps_GoogleMapsTarget.bundle/GoogleMaps.bundle/ic_error@3x.png ... 
2026-08-12 09:07:05 +0000  743 bytes for ./GoogleMaps_GoogleMapsTarget.bundle/GoogleMaps.bundle/ic_error@3x.png
2026-08-12 09:07:05 +0000  copying file ./GoogleMaps_GoogleMapsTarget.bundle/GoogleMaps.bundle/hu.lproj/MapsSDKAccessibility.strings ... 
2026-08-12 09:07:05 +0000  207 bytes for ./GoogleMaps_GoogleMapsTarget.bundle/GoogleMaps.bundle/hu.lproj/MapsSDKAccessibility.strings
2026-08-12 09:07:05 +0000  copying file ./GoogleMaps_GoogleMapsTarget.bundle/GoogleMaps.bundle/zh_HK.lproj/MapsSDKAccessibility.strings ... 
2026-08-12 09:07:05 +0000  137 bytes for ./GoogleMaps_GoogleMapsTarget.bundle/GoogleMaps.bundle/zh_HK.lproj/MapsSDKAccessibility.strings
2026-08-12 09:07:05 +0000  copying file ./GoogleMaps_GoogleMapsTarget.bundle/GoogleMaps.bundle/ka.lproj/MapsSDKAccessibility.strings ... 
2026-08-12 09:07:05 +0000  191 bytes for ./GoogleMaps_GoogleMapsTarget.bundle/GoogleMaps.bundle/ka.lproj/MapsSDKAccessibility.strings
2026-08-12 09:07:05 +0000  copying file ./GoogleMaps_GoogleMapsTarget.bundle/GoogleMaps.bundle/oss_licenses_maps.txt.gz ... 
2026-08-12 09:07:05 +0000  120982 bytes for ./GoogleMaps_GoogleMapsTarget.bundle/GoogleMaps.bundle/oss_licenses_maps.txt.gz
2026-08-12 09:07:05 +0000  copying file ./GoogleMaps_GoogleMapsTarget.bundle/GoogleMaps.bundle/Assets.car ... 
2026-08-12 09:07:05 +0000  59960 bytes for ./GoogleMaps_GoogleMapsTarget.bundle/GoogleMaps.bundle/Assets.car
2026-08-12 09:07:05 +0000  copying file ./GoogleMaps_GoogleMapsTarget.bundle/GoogleMaps.bundle/tr.lproj/MapsSDKAccessibility.strings ... 
2026-08-12 09:07:05 +0000  217 bytes for ./GoogleMaps_GoogleMapsTarget.bundle/GoogleMaps.bundle/tr.lproj/MapsSDKAccessibility.strings
2026-08-12 09:07:05 +0000  copying file ./GoogleMaps_GoogleMapsTarget.bundle/GoogleMaps.bundle/pl.lproj/MapsSDKAccessibility.strings ... 
2026-08-12 09:07:05 +0000  237 bytes for ./GoogleMaps_GoogleMapsTarget.bundle/GoogleMaps.bundle/pl.lproj/MapsSDKAccessibility.strings
2026-08-12 09:07:05 +0000  copying file ./GoogleMaps_GoogleMapsTarget.bundle/GoogleMaps.bundle/bubble_right.png ... 
2026-08-12 09:07:05 +0000  455 bytes for ./GoogleMaps_GoogleMapsTarget.bundle/GoogleMaps.bundle/bubble_right.png
2026-08-12 09:07:05 +0000  copying file ./GoogleMaps_GoogleMapsTarget.bundle/GoogleMaps.bundle/zh_TW.lproj/MapsSDKAccessibility.strings ... 
2026-08-12 09:07:05 +0000  137 bytes for ./GoogleMaps_GoogleMapsTarget.bundle/GoogleMaps.bundle/zh_TW.lproj/MapsSDKAccessibility.strings
2026-08-12 09:07:05 +0000  copying file ./GoogleMaps_GoogleMapsTarget.bundle/GoogleMaps.bundle/en_GB.lproj/MapsSDKAccessibility.strings ... 
2026-08-12 09:07:05 +0000  152 bytes for ./GoogleMaps_GoogleMapsTarget.bundle/GoogleMaps.bundle/en_GB.lproj/MapsSDKAccessibility.strings
2026-08-12 09:07:05 +0000  copying file ./GoogleMaps_GoogleMapsTarget.bundle/GoogleMaps.bundle/vi.lproj/MapsSDKAccessibility.strings ... 
2026-08-12 09:07:05 +0000  209 bytes for ./GoogleMaps_GoogleMapsTarget.bundle/GoogleMaps.bundle/vi.lproj/MapsSDKAccessibility.strings
2026-08-12 09:07:05 +0000  copying file ./GoogleMaps_GoogleMapsTarget.bundle/GoogleMaps.bundle/PrivacyInfo.xcprivacy ... 
2026-08-12 09:07:05 +0000  3171 bytes for ./GoogleMaps_GoogleMapsTarget.bundle/GoogleMaps.bundle/PrivacyInfo.xcprivacy
2026-08-12 09:07:05 +0000  copying file ./GoogleMaps_GoogleMapsTarget.bundle/GoogleMaps.bundle/lt.lproj/MapsSDKAccessibility.strings ... 
2026-08-12 09:07:05 +0000  203 bytes for ./GoogleMaps_GoogleMapsTarget.bundle/GoogleMaps.bundle/lt.lproj/MapsSDKAccessibility.strings
2026-08-12 09:07:05 +0000  copying file ./GoogleMaps_GoogleMapsTarget.bundle/GoogleMaps.bundle/ru.lproj/MapsSDKAccessibility.strings ... 
2026-08-12 09:07:05 +0000  215 bytes for ./GoogleMaps_GoogleMapsTarget.bundle/GoogleMaps.bundle/ru.lproj/MapsSDKAccessibility.strings
2026-08-12 09:07:05 +0000  copying file ./GoogleMaps_GoogleMapsTarget.bundle/GoogleMaps.bundle/ic_error@2x.png ... 
2026-08-12 09:07:05 +0000  454 bytes for ./GoogleMaps_GoogleMapsTarget.bundle/GoogleMaps.bundle/ic_error@2x.png
2026-08-12 09:07:05 +0000  copying file ./GoogleMaps_GoogleMapsTarget.bundle/GoogleMaps.bundle/fr_CA.lproj/MapsSDKAccessibility.strings ... 
2026-08-12 09:07:05 +0000  221 bytes for ./GoogleMaps_GoogleMapsTarget.bundle/GoogleMaps.bundle/fr_CA.lproj/MapsSDKAccessibility.strings
2026-08-12 09:07:05 +0000  copying file ./GoogleMaps_GoogleMapsTarget.bundle/GoogleMaps.bundle/uz.lproj/MapsSDKAccessibility.strings ... 
2026-08-12 09:07:05 +0000  168 bytes for ./GoogleMaps_GoogleMapsTarget.bundle/GoogleMaps.bundle/uz.lproj/MapsSDKAccessibility.strings
2026-08-12 09:07:05 +0000  copying file ./GoogleMaps_GoogleMapsTarget.bundle/GoogleMaps.bundle/fr.lproj/MapsSDKAccessibility.strings ... 
2026-08-12 09:07:05 +0000  211 bytes for ./GoogleMaps_GoogleMapsTarget.bundle/GoogleMaps.bundle/fr.lproj/MapsSDKAccessibility.strings
2026-08-12 09:07:05 +0000  copying file ./GoogleMaps_GoogleMapsTarget.bundle/GoogleMaps.bundle/fi.lproj/MapsSDKAccessibility.strings ... 
2026-08-12 09:07:05 +0000  180 bytes for ./GoogleMaps_GoogleMapsTarget.bundle/GoogleMaps.bundle/fi.lproj/MapsSDKAccessibility.strings
2026-08-12 09:07:05 +0000  copying file ./GoogleMaps_GoogleMapsTarget.bundle/GoogleMaps.bundle/id.lproj/MapsSDKAccessibility.strings ... 
2026-08-12 09:07:05 +0000  155 bytes for ./GoogleMaps_GoogleMapsTarget.bundle/GoogleMaps.bundle/id.lproj/MapsSDKAccessibility.strings
2026-08-12 09:07:05 +0000  copying file ./GoogleMaps_GoogleMapsTarget.bundle/GoogleMaps.bundle/nl.lproj/MapsSDKAccessibility.strings ... 
2026-08-12 09:07:05 +0000  169 bytes for ./GoogleMaps_GoogleMapsTarget.bundle/GoogleMaps.bundle/nl.lproj/MapsSDKAccessibility.strings
2026-08-12 09:07:05 +0000  copying file ./GoogleMaps_GoogleMapsTarget.bundle/GoogleMaps.bundle/th.lproj/MapsSDKAccessibility.strings ... 
2026-08-12 09:07:05 +0000  189 bytes for ./GoogleMaps_GoogleMapsTarget.bundle/GoogleMaps.bundle/th.lproj/MapsSDKAccessibility.strings
2026-08-12 09:07:05 +0000  copying file ./GoogleMaps_GoogleMapsTarget.bundle/GoogleMaps.bundle/GMSCacheStorage.momd/Storage.mom ... 
2026-08-12 09:07:05 +0000  4696 bytes for ./GoogleMaps_GoogleMapsTarget.bundle/GoogleMaps.bundle/GMSCacheStorage.momd/Storage.mom
2026-08-12 09:07:05 +0000  copying file ./GoogleMaps_GoogleMapsTarget.bundle/GoogleMaps.bundle/GMSCacheStorage.momd/VersionInfo.plist ... 
2026-08-12 09:07:05 +0000  1461 bytes for ./GoogleMaps_GoogleMapsTarget.bundle/GoogleMaps.bundle/GMSCacheStorage.momd/VersionInfo.plist
2026-08-12 09:07:05 +0000  copying file ./GoogleMaps_GoogleMapsTarget.bundle/GoogleMaps.bundle/GMSCacheStorage.momd/StorageWithTileProto.mom ... 
2026-08-12 09:07:05 +0000  5292 bytes for ./GoogleMaps_GoogleMapsTarget.bundle/GoogleMaps.bundle/GMSCacheStorage.momd/StorageWithTileProto.mom
2026-08-12 09:07:05 +0000  copying file ./GoogleMaps_GoogleMapsTarget.bundle/GoogleMaps.bundle/GMSCacheStorage.momd/StorageWithTileVersionID.mom ... 
2026-08-12 09:07:05 +0000  4802 bytes for ./GoogleMaps_GoogleMapsTarget.bundle/GoogleMaps.bundle/GMSCacheStorage.momd/StorageWithTileVersionID.mom
2026-08-12 09:07:05 +0000  copying file ./GoogleMaps_GoogleMapsTarget.bundle/GoogleMaps.bundle/az.lproj/MapsSDKAccessibility.strings ... 
2026-08-12 09:07:05 +0000  213 bytes for ./GoogleMaps_GoogleMapsTarget.bundle/GoogleMaps.bundle/az.lproj/MapsSDKAccessibility.strings
2026-08-12 09:07:05 +0000  copying file ./GoogleMaps_GoogleMapsTarget.bundle/GoogleMaps.bundle/ro.lproj/MapsSDKAccessibility.strings ... 
2026-08-12 09:07:05 +0000  194 bytes for ./GoogleMaps_GoogleMapsTarget.bundle/GoogleMaps.bundle/ro.lproj/MapsSDKAccessibility.strings
2026-08-12 09:07:05 +0000  copying file ./GoogleMaps_GoogleMapsTarget.bundle/GoogleMaps.bundle/Info.plist ... 
2026-08-12 09:07:05 +0000  366 bytes for ./GoogleMaps_GoogleMapsTarget.bundle/GoogleMaps.bundle/Info.plist
2026-08-12 09:07:05 +0000  copying file ./GoogleMaps_GoogleMapsTarget.bundle/GoogleMaps.bundle/hr.lproj/MapsSDKAccessibility.strings ... 
2026-08-12 09:07:05 +0000  186 bytes for ./GoogleMaps_GoogleMapsTarget.bundle/GoogleMaps.bundle/hr.lproj/MapsSDKAccessibility.strings
2026-08-12 09:07:05 +0000  copying file ./GoogleMaps_GoogleMapsTarget.bundle/GoogleMaps.bundle/hi.lproj/MapsSDKAccessibility.strings ... 
2026-08-12 09:07:05 +0000  201 bytes for ./GoogleMaps_GoogleMapsTarget.bundle/GoogleMaps.bundle/hi.lproj/MapsSDKAccessibility.strings
2026-08-12 09:07:05 +0000  copying file ./GoogleMaps_GoogleMapsTarget.bundle/GoogleMaps.bundle/ca.lproj/MapsSDKAccessibility.strings ... 
2026-08-12 09:07:05 +0000  219 bytes for ./GoogleMaps_GoogleMapsTarget.bundle/GoogleMaps.bundle/ca.lproj/MapsSDKAccessibility.strings
2026-08-12 09:07:05 +0000  copying file ./GoogleMaps_GoogleMapsTarget.bundle/Info.plist ... 
2026-08-12 09:07:05 +0000  708 bytes for ./GoogleMaps_GoogleMapsTarget.bundle/Info.plist
2026-08-12 09:07:05 +0000  copying file ./AppIcon76x76@2x~ipad.png ... 
2026-08-12 09:07:05 +0000  18219 bytes for ./AppIcon76x76@2x~ipad.png
2026-08-12 09:07:05 +0000  copying file ./PrivacyInfo.xcprivacy ... 
2026-08-12 09:07:05 +0000  898 bytes for ./PrivacyInfo.xcprivacy
2026-08-12 09:07:05 +0000  copying file ./embedded.mobileprovision ... 
2026-08-12 09:07:05 +0000  12300 bytes for ./embedded.mobileprovision
2026-08-12 09:07:05 +0000  copying file ./Info.plist ... 
2026-08-12 09:07:05 +0000  1795 bytes for ./Info.plist
2026-08-12 09:07:05 +0000  copying file ./PkgInfo ... 
2026-08-12 09:07:05 +0000  8 bytes for ./PkgInfo
2026-08-12 09:07:05 +0000 [MT] /usr/bin/ditto exited with 0
2026-08-12 09:07:05 +0000 [MT] Processing step: IDEDistributionEmbedProfileStep
2026-08-12 09:07:05 +0000 [MT] Processing step: IDEDistributionInfoPlistStep
2026-08-12 09:07:05 +0000 [MT] Skipping step: IDEDistributionInfoPlistStep because it said so
2026-08-12 09:07:05 +0000 [MT] Processing step: IDEDistributionAppThinningPlistStep
2026-08-12 09:07:05 +0000 [MT] Skipping step: IDEDistributionAppThinningPlistStep because it said so
2026-08-12 09:07:05 +0000 [MT] Processing step: IDEDistributionSymbolsStep
2026-08-12 09:07:05 +0000 [MT] Skipping step: IDEDistributionSymbolsStep because it said so
2026-08-12 09:07:05 +0000 [MT] Processing step: IDEDistributionAppThinningStep
2026-08-12 09:07:05 +0000 [MT] Skipping step: IDEDistributionAppThinningStep because it said so
2026-08-12 09:07:05 +0000 [MT] Processing step: IDEDistributionArchThinningStep
2026-08-12 09:07:05 +0000 [MT] Archs to thin for item /Users/zac/Documents/GitHub/OverPar/build/OverPar.xcarchive/Products/Applications/OverPar.app are []
2026-08-12 09:07:05 +0000 [MT] Processing step: IDEDistributionODRStep
2026-08-12 09:07:05 +0000 [MT] Processing step: IDEDistributionStripXattrsStep
2026-08-12 09:07:05 +0000 [MT] Skipping stripping extended attributes because the codesign step will strip them.
2026-08-12 09:07:05 +0000 [MT] Processing step: IDEDistributionCodesignStep
2026-08-12 09:07:05 +0000 [MT] Entitlements for <IDEDistributionItem: 0x74e61a6d60; bundleID='com.zacwhittaker.overpar', path='<DVTFilePath:0x74e6bafa80:'/Users/zac/Documents/GitHub/OverPar/build/OverPar.xcarchive/Products/Applications/OverPar.app'>', codeSigningInfo='<_DVTCodeSigningInformation_Path: 0x74e61a6ca0; isSigned='1', isAdHocSigned='0', signingCertificate='<DVTSigningCertificate: 0x74e8c04e00; name='Apple Development: zacwhittaker08@icloud.com (LRBL72JZ7V)', hash='9D61E0F08E7CD08B9F7D525D88FC7E869EA78213', serialNumber='5B4126CDB05BA4324944936CEB3BF1C2', certificateKinds='(
    "1.2.840.113635.100.6.1.12",
    "1.2.840.113635.100.6.1.2"
), issueDate='2026-06-17 22:04:58 +0000''>', entitlements='{
    "application-identifier" = "YSFC9459UY.com.zacwhittaker.overpar";
    "com.apple.developer.team-identifier" = YSFC9459UY;
    "get-task-allow" = 1;
}', teamID='YSFC9459UY', identifier='com.zacwhittaker.overpar', executablePath='<DVTFilePath:0x74e6005200:'/Users/zac/Documents/GitHub/OverPar/build/OverPar.xcarchive/Products/Applications/OverPar.app/OverPar'>', hardenedRuntime='0'>'>: {
    "application-identifier" = "YSFC9459UY.com.zacwhittaker.overpar";
    "com.apple.developer.team-identifier" = YSFC9459UY;
    "get-task-allow" = 1;
}
2026-08-12 09:07:05 +0000 [MT] Associated App Clip Identifiers Filter: Skipping because "com.apple.developer.associated-appclip-app-identifiers" is not present
2026-08-12 09:07:05 +0000 [MT] Entitlements for <IDEDistributionItem: 0x74e61a6d60; bundleID='com.zacwhittaker.overpar', path='<DVTFilePath:0x74e6bafa80:'/Users/zac/Documents/GitHub/OverPar/build/OverPar.xcarchive/Products/Applications/OverPar.app'>', codeSigningInfo='<_DVTCodeSigningInformation_Path: 0x74e61a6ca0; isSigned='1', isAdHocSigned='0', signingCertificate='<DVTSigningCertificate: 0x74e8c04e00; name='Apple Development: zacwhittaker08@icloud.com (LRBL72JZ7V)', hash='9D61E0F08E7CD08B9F7D525D88FC7E869EA78213', serialNumber='5B4126CDB05BA4324944936CEB3BF1C2', certificateKinds='(
    "1.2.840.113635.100.6.1.12",
    "1.2.840.113635.100.6.1.2"
), issueDate='2026-06-17 22:04:58 +0000''>', entitlements='{
    "application-identifier" = "YSFC9459UY.com.zacwhittaker.overpar";
    "com.apple.developer.team-identifier" = YSFC9459UY;
    "get-task-allow" = 1;
}', teamID='YSFC9459UY', identifier='com.zacwhittaker.overpar', executablePath='<DVTFilePath:0x74e6005200:'/Users/zac/Documents/GitHub/OverPar/build/OverPar.xcarchive/Products/Applications/OverPar.app/OverPar'>', hardenedRuntime='0'>'> are: {
    "application-identifier" = "YSFC9459UY.com.zacwhittaker.overpar";
    "com.apple.developer.team-identifier" = YSFC9459UY;
    "get-task-allow" = 1;
}
2026-08-12 09:07:05 +0000 [MT] Writing entitlements for <IDEDistributionItem: 0x74e61a6d60; bundleID='com.zacwhittaker.overpar', path='<DVTFilePath:0x74e6bafa80:'/Users/zac/Documents/GitHub/OverPar/build/OverPar.xcarchive/Products/Applications/OverPar.app'>', codeSigningInfo='<_DVTCodeSigningInformation_Path: 0x74e61a6ca0; isSigned='1', isAdHocSigned='0', signingCertificate='<DVTSigningCertificate: 0x74e8c04e00; name='Apple Development: zacwhittaker08@icloud.com (LRBL72JZ7V)', hash='9D61E0F08E7CD08B9F7D525D88FC7E869EA78213', serialNumber='5B4126CDB05BA4324944936CEB3BF1C2', certificateKinds='(
    "1.2.840.113635.100.6.1.12",
    "1.2.840.113635.100.6.1.2"
), issueDate='2026-06-17 22:04:58 +0000''>', entitlements='{
    "application-identifier" = "YSFC9459UY.com.zacwhittaker.overpar";
    "com.apple.developer.team-identifier" = YSFC9459UY;
    "get-task-allow" = 1;
}', teamID='YSFC9459UY', identifier='com.zacwhittaker.overpar', executablePath='<DVTFilePath:0x74e6005200:'/Users/zac/Documents/GitHub/OverPar/build/OverPar.xcarchive/Products/Applications/OverPar.app/OverPar'>', hardenedRuntime='0'>'> to: /var/folders/lk/h8sdlmxx2c90k1djh_9n50pr0000gn/T/XcodeDistPipeline.~~~OyuXTf/entitlements~~~Evxh7U
2026-08-12 09:07:05 +0000 [MT] invoking codesign: <NSConcreteTask: 0x74e8cb6df0; launchPath='/usr/bin/codesign', arguments='(
    "-f",
    "-s",
    9D61E0F08E7CD08B9F7D525D88FC7E869EA78213,
    "--entitlements",
    "/var/folders/lk/h8sdlmxx2c90k1djh_9n50pr0000gn/T/XcodeDistPipeline.~~~OyuXTf/entitlements~~~Evxh7U",
    "--preserve-metadata=identifier,flags,runtime,launch-constraints,library-constraints",
    "--generate-entitlement-der",
    "--strip-disallowed-xattrs",
    "-vvv",
    "/var/folders/lk/h8sdlmxx2c90k1djh_9n50pr0000gn/T/XcodeDistPipeline.~~~OyuXTf/Root/Payload/OverPar.app"
)'>
2026-08-12 09:07:05 +0000 [MT] codesign output: /var/folders/lk/h8sdlmxx2c90k1djh_9n50pr0000gn/T/XcodeDistPipeline.~~~OyuXTf/Root/Payload/OverPar.app: replacing existing signature
/var/folders/lk/h8sdlmxx2c90k1djh_9n50pr0000gn/T/XcodeDistPipeline.~~~OyuXTf/Root/Payload/OverPar.app: signed app bundle with Mach-O thin (arm64) [com.zacwhittaker.overpar]
2026-08-12 09:07:05 +0000 [MT] Processing step: IDEDistributionZipODRItemStep
2026-08-12 09:07:05 +0000 [MT] Skipping step: IDEDistributionZipODRItemStep because it said so
2026-08-12 09:07:05 +0000 [MT] Processing step: IDEDistributionCreateIPAStep
2026-08-12 09:07:05 +0000 [MT] Running /usr/bin/ditto '-V' '-c' '-k' '--norsrc' '/var/folders/lk/h8sdlmxx2c90k1djh_9n50pr0000gn/T/XcodeDistPipeline.~~~OyuXTf/Root' '/var/folders/lk/h8sdlmxx2c90k1djh_9n50pr0000gn/T/XcodeDistPipeline.~~~OyuXTf/Packages/OverPar.ipa'
2026-08-12 09:07:05 +0000  >>> Copying /var/folders/lk/h8sdlmxx2c90k1djh_9n50pr0000gn/T/XcodeDistPipeline.~~~OyuXTf/Root 
2026-08-12 09:07:05 +0000  copying file ./Payload/OverPar.app/_CodeSignature/CodeResources ... 
2026-08-12 09:07:05 +0000  122745 bytes for ./Payload/OverPar.app/_CodeSignature/CodeResources
2026-08-12 09:07:05 +0000  copying file ./Payload/OverPar.app/AppIcon60x60@2x.png ... 
2026-08-12 09:07:05 +0000  12247 bytes for ./Payload/OverPar.app/AppIcon60x60@2x.png
2026-08-12 09:07:05 +0000  copying file ./Payload/OverPar.app/OverPar ... 
2026-08-12 09:07:05 +0000  13517136 bytes for ./Payload/OverPar.app/OverPar
2026-08-12 09:07:05 +0000  copying file ./Payload/OverPar.app/Assets.car ... 
2026-08-12 09:07:05 +0000  3154280 bytes for ./Payload/OverPar.app/Assets.car
2026-08-12 09:07:05 +0000  copying file ./Payload/OverPar.app/GoogleMaps_GoogleMapsTarget.bundle/GoogleMaps.bundle/de.lproj/MapsSDKAccessibility.strings ... 
2026-08-12 09:07:05 +0000  152 bytes for ./Payload/OverPar.app/GoogleMaps_GoogleMapsTarget.bundle/GoogleMaps.bundle/de.lproj/MapsSDKAccessibility.strings
2026-08-12 09:07:05 +0000  copying file ./Payload/OverPar.app/GoogleMaps_GoogleMapsTarget.bundle/GoogleMaps.bundle/bubble_left@3x.png ... 
2026-08-12 09:07:05 +0000  2386 bytes for ./Payload/OverPar.app/GoogleMaps_GoogleMapsTarget.bundle/GoogleMaps.bundle/bubble_left@3x.png
2026-08-12 09:07:05 +0000  copying file ./Payload/OverPar.app/GoogleMaps_GoogleMapsTarget.bundle/GoogleMaps.bundle/bubble_left.png ... 
2026-08-12 09:07:05 +0000  451 bytes for ./Payload/OverPar.app/GoogleMaps_GoogleMapsTarget.bundle/GoogleMaps.bundle/bubble_left.png
2026-08-12 09:07:05 +0000  copying file ./Payload/OverPar.app/GoogleMaps_GoogleMapsTarget.bundle/GoogleMaps.bundle/he.lproj/MapsSDKAccessibility.strings ... 
2026-08-12 09:07:05 +0000  151 bytes for ./Payload/OverPar.app/GoogleMaps_GoogleMapsTarget.bundle/GoogleMaps.bundle/he.lproj/MapsSDKAccessibility.strings
2026-08-12 09:07:05 +0000  copying file ./Payload/OverPar.app/GoogleMaps_GoogleMapsTarget.bundle/GoogleMaps.bundle/en_AU.lproj/MapsSDKAccessibility.strings ... 
2026-08-12 09:07:05 +0000  152 bytes for ./Payload/OverPar.app/GoogleMaps_GoogleMapsTarget.bundle/GoogleMaps.bundle/en_AU.lproj/MapsSDKAccessibility.strings
2026-08-12 09:07:05 +0000  copying file ./Payload/OverPar.app/GoogleMaps_GoogleMapsTarget.bundle/GoogleMaps.bundle/ar.lproj/MapsSDKAccessibility.strings ... 
2026-08-12 09:07:05 +0000  215 bytes for ./Payload/OverPar.app/GoogleMaps_GoogleMapsTarget.bundle/GoogleMaps.bundle/ar.lproj/MapsSDKAccessibility.strings
2026-08-12 09:07:05 +0000  copying file ./Payload/OverPar.app/GoogleMaps_GoogleMapsTarget.bundle/GoogleMaps.bundle/el.lproj/MapsSDKAccessibility.strings ... 
2026-08-12 09:07:05 +0000  201 bytes for ./Payload/OverPar.app/GoogleMaps_GoogleMapsTarget.bundle/GoogleMaps.bundle/el.lproj/MapsSDKAccessibility.strings
2026-08-12 09:07:05 +0000  copying file ./Payload/OverPar.app/GoogleMaps_GoogleMapsTarget.bundle/GoogleMaps.bundle/ja.lproj/MapsSDKAccessibility.strings ... 
2026-08-12 09:07:05 +0000  173 bytes for ./Payload/OverPar.app/GoogleMaps_GoogleMapsTarget.bundle/GoogleMaps.bundle/ja.lproj/MapsSDKAccessibility.strings
2026-08-12 09:07:05 +0000  copying file ./Payload/OverPar.app/GoogleMaps_GoogleMapsTarget.bundle/GoogleMaps.bundle/sq.lproj/MapsSDKAccessibility.strings ... 
2026-08-12 09:07:05 +0000  211 bytes for ./Payload/OverPar.app/GoogleMaps_GoogleMapsTarget.bundle/GoogleMaps.bundle/sq.lproj/MapsSDKAccessibility.strings
2026-08-12 09:07:05 +0000  copying file ./Payload/OverPar.app/GoogleMaps_GoogleMapsTarget.bundle/GoogleMaps.bundle/en.lproj/MapsSDKAccessibility.strings ... 
2026-08-12 09:07:05 +0000  152 bytes for ./Payload/OverPar.app/GoogleMaps_GoogleMapsTarget.bundle/GoogleMaps.bundle/en.lproj/MapsSDKAccessibility.strings
2026-08-12 09:07:05 +0000  copying file ./Payload/OverPar.app/GoogleMaps_GoogleMapsTarget.bundle/GoogleMaps.bundle/uk.lproj/MapsSDKAccessibility.strings ... 
2026-08-12 09:07:05 +0000  205 bytes for ./Payload/OverPar.app/GoogleMaps_GoogleMapsTarget.bundle/GoogleMaps.bundle/uk.lproj/MapsSDKAccessibility.strings
2026-08-12 09:07:05 +0000  copying file ./Payload/OverPar.app/GoogleMaps_GoogleMapsTarget.bundle/GoogleMaps.bundle/es_419.lproj/MapsSDKAccessibility.strings ... 
2026-08-12 09:07:05 +0000  192 bytes for ./Payload/OverPar.app/GoogleMaps_GoogleMapsTarget.bundle/GoogleMaps.bundle/es_419.lproj/MapsSDKAccessibility.strings
2026-08-12 09:07:05 +0000  copying file ./Payload/OverPar.app/GoogleMaps_GoogleMapsTarget.bundle/GoogleMaps.bundle/zh_CN.lproj/MapsSDKAccessibility.strings ... 
137 bytes for ./Payload/OverPar.app/GoogleMaps_GoogleMapsTarget.bundle/GoogleMaps.bundle/zh_CN.lproj/MapsSDKAccessibility.strings
2026-08-12 09:07:05 +0000  copying file ./Payload/OverPar.app/GoogleMaps_GoogleMapsTarget.bundle/GoogleMaps.bundle/nb.lproj/MapsSDKAccessibility.strings ... 
2026-08-12 09:07:05 +0000  201 bytes for ./Payload/OverPar.app/GoogleMaps_GoogleMapsTarget.bundle/GoogleMaps.bundle/nb.lproj/MapsSDKAccessibility.strings
2026-08-12 09:07:05 +0000  copying file ./Payload/OverPar.app/GoogleMaps_GoogleMapsTarget.bundle/GoogleMaps.bundle/es.lproj/MapsSDKAccessibility.strings ... 
2026-08-12 09:07:05 +0000  165 bytes for ./Payload/OverPar.app/GoogleMaps_GoogleMapsTarget.bundle/GoogleMaps.bundle/es.lproj/MapsSDKAccessibility.strings
2026-08-12 09:07:05 +0000  copying file ./Payload/OverPar.app/GoogleMaps_GoogleMapsTarget.bundle/GoogleMaps.bundle/sw.lproj/MapsSDKAccessibility.strings ... 
2026-08-12 09:07:05 +0000  153 bytes for ./Payload/OverPar.app/GoogleMaps_GoogleMapsTarget.bundle/GoogleMaps.bundle/sw.lproj/MapsSDKAccessibility.strings
2026-08-12 09:07:05 +0000  copying file ./Payload/OverPar.app/GoogleMaps_GoogleMapsTarget.bundle/GoogleMaps.bundle/pt_BR.lproj/MapsSDKAccessibility.strings ... 
2026-08-12 09:07:05 +0000  211 bytes for ./Payload/OverPar.app/GoogleMaps_GoogleMapsTarget.bundle/GoogleMaps.bundle/pt_BR.lproj/MapsSDKAccessibility.strings
2026-08-12 09:07:05 +0000  copying file ./Payload/OverPar.app/GoogleMaps_GoogleMapsTarget.bundle/GoogleMaps.bundle/da.lproj/MapsSDKAccessibility.strings ... 
2026-08-12 09:07:05 +0000  209 bytes for ./Payload/OverPar.app/GoogleMaps_GoogleMapsTarget.bundle/GoogleMaps.bundle/da.lproj/MapsSDKAccessibility.strings
2026-08-12 09:07:05 +0000  copying file ./Payload/OverPar.app/GoogleMaps_GoogleMapsTarget.bundle/GoogleMaps.bundle/bubble_left@2x.png ... 
2026-08-12 09:07:05 +0000  1055 bytes for ./Payload/OverPar.app/GoogleMaps_GoogleMapsTarget.bundle/GoogleMaps.bundle/bubble_left@2x.png
2026-08-12 09:07:05 +0000  copying file ./Payload/OverPar.app/GoogleMaps_GoogleMapsTarget.bundle/GoogleMaps.bundle/it.lproj/MapsSDKAccessibility.strings ... 
2026-08-12 09:07:05 +0000  170 bytes for ./Payload/OverPar.app/GoogleMaps_GoogleMapsTarget.bundle/GoogleMaps.bundle/it.lproj/MapsSDKAccessibility.strings
2026-08-12 09:07:05 +0000  copying file ./Payload/OverPar.app/GoogleMaps_GoogleMapsTarget.bundle/GoogleMaps.bundle/sk.lproj/MapsSDKAccessibility.strings ... 
2026-08-12 09:07:05 +0000  209 bytes for ./Payload/OverPar.app/GoogleMaps_GoogleMapsTarget.bundle/GoogleMaps.bundle/sk.lproj/MapsSDKAccessibility.strings
2026-08-12 09:07:05 +0000  copying file ./Payload/OverPar.app/GoogleMaps_GoogleMapsTarget.bundle/GoogleMaps.bundle/pt_PT.lproj/MapsSDKAccessibility.strings ... 
2026-08-12 09:07:05 +0000  192 bytes for ./Payload/OverPar.app/GoogleMaps_GoogleMapsTarget.bundle/GoogleMaps.bundle/pt_PT.lproj/MapsSDKAccessibility.strings
2026-08-12 09:07:05 +0000  copying file ./Payload/OverPar.app/GoogleMaps_GoogleMapsTarget.bundle/GoogleMaps.bundle/bubble_right@3x.png ... 
2026-08-12 09:07:05 +0000  2374 bytes for ./Payload/OverPar.app/GoogleMaps_GoogleMapsTarget.bundle/GoogleMaps.bundle/bubble_right@3x.png
2026-08-12 09:07:05 +0000  copying file ./Payload/OverPar.app/GoogleMaps_GoogleMapsTarget.bundle/GoogleMaps.bundle/ic_error.png ... 
2026-08-12 09:07:05 +0000  236 bytes for ./Payload/OverPar.app/GoogleMaps_GoogleMapsTarget.bundle/GoogleMaps.bundle/ic_error.png
2026-08-12 09:07:05 +0000  copying file ./Payload/OverPar.app/GoogleMaps_GoogleMapsTarget.bundle/GoogleMaps.bundle/sr.lproj/MapsSDKAccessibility.strings ... 
2026-08-12 09:07:05 +0000  225 bytes for ./Payload/OverPar.app/GoogleMaps_GoogleMapsTarget.bundle/GoogleMaps.bundle/sr.lproj/MapsSDKAccessibility.strings
2026-08-12 09:07:05 +0000  copying file ./Payload/OverPar.app/GoogleMaps_GoogleMapsTarget.bundle/GoogleMaps.bundle/ms.lproj/MapsSDKAccessibility.strings ... 
2026-08-12 09:07:05 +0000  156 bytes for ./Payload/OverPar.app/GoogleMaps_GoogleMapsTarget.bundle/GoogleMaps.bundle/ms.lproj/MapsSDKAccessibility.strings
2026-08-12 09:07:05 +0000  copying file ./Payload/OverPar.app/GoogleMaps_GoogleMapsTarget.bundle/GoogleMaps.bundle/sv.lproj/MapsSDKAccessibility.strings ... 
2026-08-12 09:07:05 +0000  195 bytes for ./Payload/OverPar.app/GoogleMaps_GoogleMapsTarget.bundle/GoogleMaps.bundle/sv.lproj/MapsSDKAccessibility.strings
2026-08-12 09:07:05 +0000  copying file ./Payload/OverPar.app/GoogleMaps_GoogleMapsTarget.bundle/GoogleMaps.bundle/bubble_right@2x.png ... 
2026-08-12 09:07:05 +0000  1051 bytes for ./Payload/OverPar.app/GoogleMaps_GoogleMapsTarget.bundle/GoogleMaps.bundle/bubble_right@2x.png
2026-08-12 09:07:05 +0000  copying file ./Payload/OverPar.app/GoogleMaps_GoogleMapsTarget.bundle/GoogleMaps.bundle/cs.lproj/MapsSDKAccessibility.strings ... 
2026-08-12 09:07:05 +0000  203 bytes for ./Payload/OverPar.app/GoogleMaps_GoogleMapsTarget.bundle/GoogleMaps.bundle/cs.lproj/MapsSDKAccessibility.strings
2026-08-12 09:07:05 +0000  copying file ./Payload/OverPar.app/GoogleMaps_GoogleMapsTarget.bundle/GoogleMaps.bundle/en_IN.lproj/MapsSDKAccessibility.strings ... 
2026-08-12 09:07:05 +0000  152 bytes for ./Payload/OverPar.app/GoogleMaps_GoogleMapsTarget.bundle/GoogleMaps.bundle/en_IN.lproj/MapsSDKAccessibility.strings
2026-08-12 09:07:05 +0000  copying file ./Payload/OverPar.app/GoogleMaps_GoogleMapsTarget.bundle/GoogleMaps.bundle/ko.lproj/MapsSDKAccessibility.strings ... 
2026-08-12 09:07:05 +0000  157 bytes for ./Payload/OverPar.app/GoogleMaps_GoogleMapsTarget.bundle/GoogleMaps.bundle/ko.lproj/MapsSDKAccessibility.strings
2026-08-12 09:07:05 +0000  copying file ./Payload/OverPar.app/GoogleMaps_GoogleMapsTarget.bundle/GoogleMaps.bundle/hy.lproj/MapsSDKAccessibility.strings ... 
2026-08-12 09:07:05 +0000  187 bytes for ./Payload/OverPar.app/GoogleMaps_GoogleMapsTarget.bundle/GoogleMaps.bundle/hy.lproj/MapsSDKAccessibility.strings
2026-08-12 09:07:05 +0000  copying file ./Payload/OverPar.app/GoogleMaps_GoogleMapsTarget.bundle/GoogleMaps.bundle/GMSCoreResources.bundle/de.lproj/GMSCore.strings ... 
2026-08-12 09:07:05 +0000  5835 bytes for ./Payload/OverPar.app/GoogleMaps_GoogleMapsTarget.bundle/GoogleMaps.bundle/GMSCoreResources.bundle/de.lproj/GMSCore.strings
2026-08-12 09:07:05 +0000  copying file ./Payload/OverPar.app/GoogleMaps_GoogleMapsTarget.bundle/GoogleMaps.bundle/GMSCoreResources.bundle/measle_U.png ... 
2026-08-12 09:07:05 +0000  827 bytes for ./Payload/OverPar.app/GoogleMaps_GoogleMapsTarget.bundle/GoogleMaps.bundle/GMSCoreResources.bundle/measle_U.png
2026-08-12 09:07:05 +0000  copying file ./Payload/OverPar.app/GoogleMaps_GoogleMapsTarget.bundle/GoogleMaps.bundle/GMSCoreResources.bundle/measle_B.png ... 
2026-08-12 09:07:05 +0000  843 bytes for ./Payload/OverPar.app/GoogleMaps_GoogleMapsTarget.bundle/GoogleMaps.bundle/GMSCoreResources.bundle/measle_B.png
2026-08-12 09:07:05 +0000  copying file ./Payload/OverPar.app/GoogleMaps_GoogleMapsTarget.bundle/GoogleMaps.bundle/GMSCoreResources.bundle/measle_J@2x.png ... 
2026-08-12 09:07:05 +0000  2122 bytes for ./Payload/OverPar.app/GoogleMaps_GoogleMapsTarget.bundle/GoogleMaps.bundle/GMSCoreResources.bundle/measle_J@2x.png
2026-08-12 09:07:05 +0000  copying file ./Payload/OverPar.app/GoogleMaps_GoogleMapsTarget.bundle/GoogleMaps.bundle/GMSCoreResources.bundle/measle_P@3x.png ... 
2026-08-12 09:07:05 +0000  4118 bytes for ./Payload/OverPar.app/GoogleMaps_GoogleMapsTarget.bundle/GoogleMaps.bundle/GMSCoreResources.bundle/measle_P@3x.png
2026-08-12 09:07:05 +0000  copying file ./Payload/OverPar.app/GoogleMaps_GoogleMapsTarget.bundle/GoogleMaps.bundle/GMSCoreResources.bundle/he.lproj/GMSCore.strings ... 
2026-08-12 09:07:05 +0000  6399 bytes for ./Payload/OverPar.app/GoogleMaps_GoogleMapsTarget.bundle/GoogleMaps.bundle/GMSCoreResources.bundle/he.lproj/GMSCore.strings
2026-08-12 09:07:05 +0000  copying file ./Payload/OverPar.app/GoogleMaps_GoogleMapsTarget.bundle/GoogleMaps.bundle/GMSCoreResources.bundle/measle_F@2x.png ... 
2026-08-12 09:07:05 +0000  2072 bytes for ./Payload/OverPar.app/GoogleMaps_GoogleMapsTarget.bundle/GoogleMaps.bundle/GMSCoreResources.bundle/measle_F@2x.png
2026-08-12 09:07:05 +0000  copying file ./Payload/OverPar.app/GoogleMaps_GoogleMapsTarget.bundle/GoogleMaps.bundle/GMSCoreResources.bundle/en_AU.lproj/GMSCore.strings ... 
2026-08-12 09:07:05 +0000  4980 bytes for ./Payload/OverPar.app/GoogleMaps_GoogleMapsTarget.bundle/GoogleMaps.bundle/GMSCoreResources.bundle/en_AU.lproj/GMSCore.strings
2026-08-12 09:07:05 +0000  copying file ./Payload/OverPar.app/GoogleMaps_GoogleMapsTarget.bundle/GoogleMaps.bundle/GMSCoreResources.bundle/ic_covid_medical_waypoint_alert_32pt@2x.png ... 
2026-08-12 09:07:05 +0000  943 bytes for ./Payload/OverPar.app/GoogleMaps_GoogleMapsTarget.bundle/GoogleMaps.bundle/GMSCoreResources.bundle/ic_covid_medical_waypoint_alert_32pt@2x.png
2026-08-12 09:07:05 +0000  copying file ./Payload/OverPar.app/GoogleMaps_GoogleMapsTarget.bundle/GoogleMaps.bundle/GMSCoreResources.bundle/measle_H@3x.png ... 
2026-08-12 09:07:05 +0000  4012 bytes for ./Payload/OverPar.app/GoogleMaps_GoogleMapsTarget.bundle/GoogleMaps.bundle/GMSCoreResources.bundle/measle_H@3x.png
2026-08-12 09:07:05 +0000  copying file ./Payload/OverPar.app/GoogleMaps_GoogleMapsTarget.bundle/GoogleMaps.bundle/GMSCoreResources.bundle/ar.lproj/GMSCore.strings ... 
2026-08-12 09:07:05 +0000  6549 bytes for ./Payload/OverPar.app/GoogleMaps_GoogleMapsTarget.bundle/GoogleMaps.bundle/GMSCoreResources.bundle/ar.lproj/GMSCore.strings
2026-08-12 09:07:05 +0000  copying file ./Payload/OverPar.app/GoogleMaps_GoogleMapsTarget.bundle/GoogleMaps.bundle/GMSCoreResources.bundle/el.lproj/GMSCore.strings ... 
2026-08-12 09:07:05 +0000  6885 bytes for ./Payload/OverPar.app/GoogleMaps_GoogleMapsTarget.bundle/GoogleMaps.bundle/GMSCoreResources.bundle/el.lproj/GMSCore.strings
2026-08-12 09:07:05 +0000  copying file ./Payload/OverPar.app/GoogleMaps_GoogleMapsTarget.bundle/GoogleMaps.bundle/GMSCoreResources.bundle/ja.lproj/GMSCore.strings ... 
2026-08-12 09:07:05 +0000  5117 bytes for ./Payload/OverPar.app/GoogleMaps_GoogleMapsTarget.bundle/GoogleMaps.bundle/GMSCoreResources.bundle/ja.lproj/GMSCore.strings
2026-08-12 09:07:05 +0000  copying file ./Payload/OverPar.app/GoogleMaps_GoogleMapsTarget.bundle/GoogleMaps.bundle/GMSCoreResources.bundle/measle_R@2x.png ... 
2026-08-12 09:07:05 +0000  2164 bytes for ./Payload/OverPar.app/GoogleMaps_GoogleMapsTarget.bundle/GoogleMaps.bundle/GMSCoreResources.bundle/measle_R@2x.png
2026-08-12 09:07:05 +0000  copying file ./Payload/OverPar.app/GoogleMaps_GoogleMapsTarget.bundle/GoogleMaps.bundle/GMSCoreResources.bundle/measle_blank_tiny@2x.png ... 
2026-08-12 09:07:05 +0000  288 bytes for ./Payload/OverPar.app/GoogleMaps_GoogleMapsTarget.bundle/GoogleMaps.bundle/GMSCoreResources.bundle/measle_blank_tiny@2x.png
2026-08-12 09:07:05 +0000  copying file ./Payload/OverPar.app/GoogleMaps_GoogleMapsTarget.bundle/GoogleMaps.bundle/GMSCoreResources.bundle/measle_D@3x.png ... 
2026-08-12 09:07:05 +0000  4176 bytes for ./Payload/OverPar.app/GoogleMaps_GoogleMapsTarget.bundle/GoogleMaps.bundle/GMSCoreResources.bundle/measle_D@3x.png
2026-08-12 09:07:05 +0000  copying file ./Payload/OverPar.app/GoogleMaps_GoogleMapsTarget.bundle/GoogleMaps.bundle/GMSCoreResources.bundle/ic_covid_checkpoint_waypoint_alert_night_32pt.png ... 
2026-08-12 09:07:05 +0000  602 bytes for ./Payload/OverPar.app/GoogleMaps_GoogleMapsTarget.bundle/GoogleMaps.bundle/GMSCoreResources.bundle/ic_covid_checkpoint_waypoint_alert_night_32pt.png
2026-08-12 09:07:05 +0000  copying file ./Payload/OverPar.app/GoogleMaps_GoogleMapsTarget.bundle/GoogleMaps.bundle/GMSCoreResources.bundle/measle_C.png ... 
2026-08-12 09:07:05 +0000  844 bytes for ./Payload/OverPar.app/GoogleMaps_GoogleMapsTarget.bundle/GoogleMaps.bundle/GMSCoreResources.bundle/measle_C.png
2026-08-12 09:07:05 +0000  copying file ./Payload/OverPar.app/GoogleMaps_GoogleMapsTarget.bundle/GoogleMaps.bundle/GMSCoreResources.bundle/measle_T.png ... 
2026-08-12 09:07:05 +0000  796 bytes for ./Payload/OverPar.app/GoogleMaps_GoogleMapsTarget.bundle/GoogleMaps.bundle/GMSCoreResources.bundle/measle_T.png
2026-08-12 09:07:05 +0000  copying file ./Payload/OverPar.app/GoogleMaps_GoogleMapsTarget.bundle/GoogleMaps.bundle/GMSCoreResources.bundle/measle_V.png ... 
2026-08-12 09:07:05 +0000  853 bytes for ./Payload/OverPar.app/GoogleMaps_GoogleMapsTarget.bundle/GoogleMaps.bundle/GMSCoreResources.bundle/measle_V.png
2026-08-12 09:07:05 +0000  copying file ./Payload/OverPar.app/GoogleMaps_GoogleMapsTarget.bundle/GoogleMaps.bundle/GMSCoreResources.bundle/measle_A.png ... 
2026-08-12 09:07:05 +0000  838 bytes for ./Payload/OverPar.app/GoogleMaps_GoogleMapsTarget.bundle/GoogleMaps.bundle/GMSCoreResources.bundle/measle_A.png
2026-08-12 09:07:05 +0000  copying file ./Payload/OverPar.app/GoogleMaps_GoogleMapsTarget.bundle/GoogleMaps.bundle/GMSCoreResources.bundle/sq.lproj/GMSCore.strings ... 
2026-08-12 09:07:05 +0000  6667 bytes for ./Payload/OverPar.app/GoogleMaps_GoogleMapsTarget.bundle/GoogleMaps.bundle/GMSCoreResources.bundle/sq.lproj/GMSCore.strings
2026-08-12 09:07:05 +0000  copying file ./Payload/OverPar.app/GoogleMaps_GoogleMapsTarget.bundle/GoogleMaps.bundle/GMSCoreResources.bundle/GMSMapColors2NavNightModeSprites-0-1x.png ... 
2026-08-12 09:07:05 +0000  3298 bytes for ./Payload/OverPar.app/GoogleMaps_GoogleMapsTarget.bundle/GoogleMaps.bundle/GMSCoreResources.bundle/GMSMapColors2NavNightModeSprites-0-1x.png
2026-08-12 09:07:05 +0000  copying file ./Payload/OverPar.app/GoogleMaps_GoogleMapsTarget.bundle/GoogleMaps.bundle/GMSCoreResources.bundle/ic_qu_direction_mylocation@2x.png ... 
2026-08-12 09:07:05 +0000  663 bytes for ./Payload/OverPar.app/GoogleMaps_GoogleMapsTarget.bundle/GoogleMaps.bundle/GMSCoreResources.bundle/ic_qu_direction_mylocation@2x.png
2026-08-12 09:07:05 +0000  copying file ./Payload/OverPar.app/GoogleMaps_GoogleMapsTarget.bundle/GoogleMaps.bundle/GMSCoreResources.bundle/en.lproj/GMSCore.strings ... 
2026-08-12 09:07:05 +0000  4963 bytes for ./Payload/OverPar.app/GoogleMaps_GoogleMapsTarget.bundle/GoogleMaps.bundle/GMSCoreResources.bundle/en.lproj/GMSCore.strings
2026-08-12 09:07:05 +0000  copying file ./Payload/OverPar.app/GoogleMaps_GoogleMapsTarget.bundle/GoogleMaps.bundle/GMSCoreResources.bundle/ic_covid_border_waypoint_alert_32pt.png ... 
2026-08-12 09:07:05 +0000  422 bytes for ./Payload/OverPar.app/GoogleMaps_GoogleMapsTarget.bundle/GoogleMaps.bundle/GMSCoreResources.bundle/ic_covid_border_waypoint_alert_32pt.png
2026-08-12 09:07:05 +0000  copying file ./Payload/OverPar.app/GoogleMaps_GoogleMapsTarget.bundle/GoogleMaps.bundle/GMSCoreResources.bundle/uk.lproj/GMSCore.strings ... 
2026-08-12 09:07:05 +0000  6625 bytes for ./Payload/OverPar.app/GoogleMaps_GoogleMapsTarget.bundle/GoogleMaps.bundle/GMSCoreResources.bundle/uk.lproj/GMSCore.strings
2026-08-12 09:07:05 +0000  copying file ./Payload/OverPar.app/GoogleMaps_GoogleMapsTarget.bundle/GoogleMaps.bundle/GMSCoreResources.bundle/ic_qu_direction_mylocation.png ... 
2026-08-12 09:07:05 +0000  362 bytes for ./Payload/OverPar.app/GoogleMaps_GoogleMapsTarget.bundle/GoogleMaps.bundle/GMSCoreResources.bundle/ic_qu_direction_mylocation.png
2026-08-12 09:07:05 +0000  copying file ./Payload/OverPar.app/GoogleMaps_GoogleMapsTarget.bundle/GoogleMaps.bundle/GMSCoreResources.bundle/es_419.lproj/GMSCore.strings ... 
2026-08-12 09:07:05 +0000  5754 bytes for ./Payload/OverPar.app/GoogleMaps_GoogleMapsTarget.bundle/GoogleMaps.bundle/GMSCoreResources.bundle/es_419.lproj/GMSCore.strings
2026-08-12 09:07:05 +0000  copying file ./Payload/OverPar.app/GoogleMaps_GoogleMapsTarget.bundle/GoogleMaps.bundle/GMSCoreResources.bundle/GMSSprites-0-1x.png ... 
2026-08-12 09:07:05 +0000  19060 bytes for ./Payload/OverPar.app/GoogleMaps_GoogleMapsTarget.bundle/GoogleMaps.bundle/GMSCoreResources.bundle/GMSSprites-0-1x.png
2026-08-12 09:07:05 +0000  copying file ./Payload/OverPar.app/GoogleMaps_GoogleMapsTarget.bundle/GoogleMaps.bundle/GMSCoreResources.bundle/measle_W.png ... 
2026-08-12 09:07:05 +0000  879 bytes for ./Payload/OverPar.app/GoogleMaps_GoogleMapsTarget.bundle/GoogleMaps.bundle/GMSCoreResources.bundle/measle_W.png
2026-08-12 09:07:05 +0000  copying file ./Payload/OverPar.app/GoogleMaps_GoogleMapsTarget.bundle/GoogleMaps.bundle/GMSCoreResources.bundle/ic_compass_needle_large@2x.png ... 
2026-08-12 09:07:05 +0000  2446 bytes for ./Payload/OverPar.app/GoogleMaps_GoogleMapsTarget.bundle/GoogleMaps.bundle/GMSCoreResources.bundle/ic_compass_needle_large@2x.png
2026-08-12 09:07:05 +0000  copying file ./Payload/OverPar.app/GoogleMaps_GoogleMapsTarget.bundle/GoogleMaps.bundle/GMSCoreResources.bundle/measle_D.png ... 
2026-08-12 09:07:05 +0000  840 bytes for ./Payload/OverPar.app/GoogleMaps_GoogleMapsTarget.bundle/GoogleMaps.bundle/GMSCoreResources.bundle/measle_D.png
2026-08-12 09:07:05 +0000  copying file ./Payload/OverPar.app/GoogleMaps_GoogleMapsTarget.bundle/GoogleMaps.bundle/GMSCoreResources.bundle/measle_S.png ... 
2026-08-12 09:07:05 +0000  865 bytes for ./Payload/OverPar.app/GoogleMaps_GoogleMapsTarget.bundle/GoogleMaps.bundle/GMSCoreResources.bundle/measle_S.png
2026-08-12 09:07:05 +0000  copying file ./Payload/OverPar.app/GoogleMaps_GoogleMapsTarget.bundle/GoogleMaps.bundle/GMSCoreResources.bundle/ic_compass_needle_large@3x.png ... 
2026-08-12 09:07:05 +0000  3304 bytes for ./Payload/OverPar.app/GoogleMaps_GoogleMapsTarget.bundle/GoogleMaps.bundle/GMSCoreResources.bundle/ic_compass_needle_large@3x.png
2026-08-12 09:07:05 +0000  copying file ./Payload/OverPar.app/GoogleMaps_GoogleMapsTarget.bundle/GoogleMaps.bundle/GMSCoreResources.bundle/ic_compass_needle_large.png ... 
2026-08-12 09:07:05 +0000  1114 bytes for ./Payload/OverPar.app/GoogleMaps_GoogleMapsTarget.bundle/GoogleMaps.bundle/GMSCoreResources.bundle/ic_compass_needle_large.png
2026-08-12 09:07:05 +0000  copying file ./Payload/OverPar.app/GoogleMaps_GoogleMapsTarget.bundle/GoogleMaps.bundle/GMSCoreResources.bundle/zh_CN.lproj/GMSCore.strings ... 
2026-08-12 09:07:05 +0000  5355 bytes for ./Payload/OverPar.app/GoogleMaps_GoogleMapsTarget.bundle/GoogleMaps.bundle/GMSCoreResources.bundle/zh_CN.lproj/GMSCore.strings
2026-08-12 09:07:05 +0000  copying file ./Payload/OverPar.app/GoogleMaps_GoogleMapsTarget.bundle/GoogleMaps.bundle/GMSCoreResources.bundle/ic_qu_direction_mylocation@3x.png ... 
2026-08-12 09:07:05 +0000  1240 bytes for ./Payload/OverPar.app/GoogleMaps_GoogleMapsTarget.bundle/GoogleMaps.bundle/GMSCoreResources.bundle/ic_qu_direction_mylocation@3x.png
2026-08-12 09:07:05 +0000  copying file ./Payload/OverPar.app/GoogleMaps_GoogleMapsTarget.bundle/GoogleMaps.bundle/GMSCoreResources.bundle/DroidSansMerged-Regular.ttf ... 
2026-08-12 09:07:05 +0000  392092 bytes for ./Payload/OverPar.app/GoogleMaps_GoogleMapsTarget.bundle/GoogleMaps.bundle/GMSCoreResources.bundle/DroidSansMerged-Regular.ttf
2026-08-12 09:07:05 +0000  copying file ./Payload/OverPar.app/GoogleMaps_GoogleMapsTarget.bundle/GoogleMaps.bundle/GMSCoreResources.bundle/nb.lproj/GMSCore.strings ... 
2026-08-12 09:07:05 +0000  5663 bytes for ./Payload/OverPar.app/GoogleMaps_GoogleMapsTarget.bundle/GoogleMaps.bundle/GMSCoreResources.bundle/nb.lproj/GMSCore.strings
2026-08-12 09:07:05 +0000  copying file ./Payload/OverPar.app/GoogleMaps_GoogleMapsTarget.bundle/GoogleMaps.bundle/GMSCoreResources.bundle/measle_R.png ... 
2026-08-12 09:07:05 +0000  840 bytes for ./Payload/OverPar.app/GoogleMaps_GoogleMapsTarget.bundle/GoogleMaps.bundle/GMSCoreResources.bundle/measle_R.png
2026-08-12 09:07:05 +0000  copying file ./Payload/OverPar.app/GoogleMaps_GoogleMapsTarget.bundle/GoogleMaps.bundle/GMSCoreResources.bundle/measle_E.png ... 
2026-08-12 09:07:05 +0000  810 bytes for ./Payload/OverPar.app/GoogleMaps_GoogleMapsTarget.bundle/GoogleMaps.bundle/GMSCoreResources.bundle/measle_E.png
2026-08-12 09:07:05 +0000  copying file ./Payload/OverPar.app/GoogleMaps_GoogleMapsTarget.bundle/GoogleMaps.bundle/GMSCoreResources.bundle/measle_G.png ... 
2026-08-12 09:07:05 +0000  868 bytes for ./Payload/OverPar.app/GoogleMaps_GoogleMapsTarget.bundle/GoogleMaps.bundle/GMSCoreResources.bundle/measle_G.png
2026-08-12 09:07:05 +0000  copying file ./Payload/OverPar.app/GoogleMaps_GoogleMapsTarget.bundle/GoogleMaps.bundle/GMSCoreResources.bundle/measle_P.png ... 
2026-08-12 09:07:05 +0000  828 bytes for ./Payload/OverPar.app/GoogleMaps_GoogleMapsTarget.bundle/GoogleMaps.bundle/GMSCoreResources.bundle/measle_P.png
2026-08-12 09:07:05 +0000  copying file ./Payload/OverPar.app/GoogleMaps_GoogleMapsTarget.bundle/GoogleMaps.bundle/GMSCoreResources.bundle/measle_D@2x.png ... 
2026-08-12 09:07:05 +0000  2160 bytes for ./Payload/OverPar.app/GoogleMaps_GoogleMapsTarget.bundle/GoogleMaps.bundle/GMSCoreResources.bundle/measle_D@2x.png
2026-08-12 09:07:05 +0000  copying file ./Payload/OverPar.app/GoogleMaps_GoogleMapsTarget.bundle/GoogleMaps.bundle/GMSCoreResources.bundle/es.lproj/GMSCore.strings ... 
2026-08-12 09:07:05 +0000  5752 bytes for ./Payload/OverPar.app/GoogleMaps_GoogleMapsTarget.bundle/GoogleMaps.bundle/GMSCoreResources.bundle/es.lproj/GMSCore.strings
2026-08-12 09:07:05 +0000  copying file ./Payload/OverPar.app/GoogleMaps_GoogleMapsTarget.bundle/GoogleMaps.bundle/GMSCoreResources.bundle/measle_blank_tiny@3x.png ... 
2026-08-12 09:07:05 +0000  375 bytes for ./Payload/OverPar.app/GoogleMaps_GoogleMapsTarget.bundle/GoogleMaps.bundle/GMSCoreResources.bundle/measle_blank_tiny@3x.png
2026-08-12 09:07:05 +0000  copying file ./Payload/OverPar.app/GoogleMaps_GoogleMapsTarget.bundle/GoogleMaps.bundle/GMSCoreResources.bundle/measle_R@3x.png ... 
2026-08-12 09:07:05 +0000  4165 bytes for ./Payload/OverPar.app/GoogleMaps_GoogleMapsTarget.bundle/GoogleMaps.bundle/GMSCoreResources.bundle/measle_R@3x.png
2026-08-12 09:07:05 +0000  copying file ./Payload/OverPar.app/GoogleMaps_GoogleMapsTarget.bundle/GoogleMaps.bundle/GMSCoreResources.bundle/sw.lproj/GMSCore.strings ... 
2026-08-12 09:07:05 +0000  5331 bytes for ./Payload/OverPar.app/GoogleMaps_GoogleMapsTarget.bundle/GoogleMaps.bundle/GMSCoreResources.bundle/sw.lproj/GMSCore.strings
2026-08-12 09:07:05 +0000  copying file ./Payload/OverPar.app/GoogleMaps_GoogleMapsTarget.bundle/GoogleMaps.bundle/GMSCoreResources.bundle/ic_covid_medical_waypoint_alert_32pt@3x.png ... 
2026-08-12 09:07:05 +0000  1203 bytes for ./Payload/OverPar.app/GoogleMaps_GoogleMapsTarget.bundle/GoogleMaps.bundle/GMSCoreResources.bundle/ic_covid_medical_waypoint_alert_32pt@3x.png
2026-08-12 09:07:05 +0000  copying file ./Payload/OverPar.app/GoogleMaps_GoogleMapsTarget.bundle/GoogleMaps.bundle/GMSCoreResources.bundle/measle_H@2x.png ... 
2026-08-12 09:07:05 +0000  2068 bytes for ./Payload/OverPar.app/GoogleMaps_GoogleMapsTarget.bundle/GoogleMaps.bundle/GMSCoreResources.bundle/measle_H@2x.png
2026-08-12 09:07:05 +0000  copying file ./Payload/OverPar.app/GoogleMaps_GoogleMapsTarget.bundle/GoogleMaps.bundle/GMSCoreResources.bundle/measle_F@3x.png ... 
2026-08-12 09:07:05 +0000  4010 bytes for ./Payload/OverPar.app/GoogleMaps_GoogleMapsTarget.bundle/GoogleMaps.bundle/GMSCoreResources.bundle/measle_F@3x.png
2026-08-12 09:07:05 +0000  copying file ./Payload/OverPar.app/GoogleMaps_GoogleMapsTarget.bundle/GoogleMaps.bundle/GMSCoreResources.bundle/pt_BR.lproj/GMSCore.strings ... 
2026-08-12 09:07:05 +0000  5903 bytes for ./Payload/OverPar.app/GoogleMaps_GoogleMapsTarget.bundle/GoogleMaps.bundle/GMSCoreResources.bundle/pt_BR.lproj/GMSCore.strings
2026-08-12 09:07:05 +0000  copying file ./Payload/OverPar.app/GoogleMaps_GoogleMapsTarget.bundle/GoogleMaps.bundle/GMSCoreResources.bundle/measle_P@2x.png ... 
2026-08-12 09:07:05 +0000  2144 bytes for ./Payload/OverPar.app/GoogleMaps_GoogleMapsTarget.bundle/GoogleMaps.bundle/GMSCoreResources.bundle/measle_P@2x.png
2026-08-12 09:07:05 +0000  copying file ./Payload/OverPar.app/GoogleMaps_GoogleMapsTarget.bundle/GoogleMaps.bundle/GMSCoreResources.bundle/da.lproj/GMSCore.strings ... 
2026-08-12 09:07:05 +0000  5676 bytes for ./Payload/OverPar.app/GoogleMaps_GoogleMapsTarget.bundle/GoogleMaps.bundle/GMSCoreResources.bundle/da.lproj/GMSCore.strings
2026-08-12 09:07:05 +0000  copying file ./Payload/OverPar.app/GoogleMaps_GoogleMapsTarget.bundle/GoogleMaps.bundle/GMSCoreResources.bundle/RocketShaders.metallib ... 
2026-08-12 09:07:05 +0000  36866 bytes for ./Payload/OverPar.app/GoogleMaps_GoogleMapsTarget.bundle/GoogleMaps.bundle/GMSCoreResources.bundle/RocketShaders.metallib
2026-08-12 09:07:05 +0000  copying file ./Payload/OverPar.app/GoogleMaps_GoogleMapsTarget.bundle/GoogleMaps.bundle/GMSCoreResources.bundle/measle_J@3x.png ... 
2026-08-12 09:07:05 +0000  4098 bytes for ./Payload/OverPar.app/GoogleMaps_GoogleMapsTarget.bundle/GoogleMaps.bundle/GMSCoreResources.bundle/measle_J@3x.png
2026-08-12 09:07:05 +0000  copying file ./Payload/OverPar.app/GoogleMaps_GoogleMapsTarget.bundle/GoogleMaps.bundle/GMSCoreResources.bundle/measle_Q.png ... 
2026-08-12 09:07:05 +0000  863 bytes for ./Payload/OverPar.app/GoogleMaps_GoogleMapsTarget.bundle/GoogleMaps.bundle/GMSCoreResources.bundle/measle_Q.png
2026-08-12 09:07:05 +0000  copying file ./Payload/OverPar.app/GoogleMaps_GoogleMapsTarget.bundle/GoogleMaps.bundle/GMSCoreResources.bundle/measle_F.png ... 
2026-08-12 09:07:05 +0000  813 bytes for ./Payload/OverPar.app/GoogleMaps_GoogleMapsTarget.bundle/GoogleMaps.bundle/GMSCoreResources.bundle/measle_F.png
2026-08-12 09:07:05 +0000  copying file ./Payload/OverPar.app/GoogleMaps_GoogleMapsTarget.bundle/GoogleMaps.bundle/GMSCoreResources.bundle/ic_location_off@3x.png ... 
2026-08-12 09:07:05 +0000  1577 bytes for ./Payload/OverPar.app/GoogleMaps_GoogleMapsTarget.bundle/GoogleMaps.bundle/GMSCoreResources.bundle/ic_location_off@3x.png
2026-08-12 09:07:05 +0000  copying file ./Payload/OverPar.app/GoogleMaps_GoogleMapsTarget.bundle/GoogleMaps.bundle/GMSCoreResources.bundle/measle_blank_tiny.png ... 
2026-08-12 09:07:05 +0000  261 bytes for ./Payload/OverPar.app/GoogleMaps_GoogleMapsTarget.bundle/GoogleMaps.bundle/GMSCoreResources.bundle/measle_blank_tiny.png
2026-08-12 09:07:05 +0000  copying file ./Payload/OverPar.app/GoogleMaps_GoogleMapsTarget.bundle/GoogleMaps.bundle/GMSCoreResources.bundle/it.lproj/GMSCore.strings ... 
2026-08-12 09:07:05 +0000  5074 bytes for ./Payload/OverPar.app/GoogleMaps_GoogleMapsTarget.bundle/GoogleMaps.bundle/GMSCoreResources.bundle/it.lproj/GMSCore.strings
2026-08-12 09:07:05 +0000  copying file ./Payload/OverPar.app/GoogleMaps_GoogleMapsTarget.bundle/GoogleMaps.bundle/GMSCoreResources.bundle/measle_blank_small@3x.png ... 
2026-08-12 09:07:05 +0000  884 bytes for ./Payload/OverPar.app/GoogleMaps_GoogleMapsTarget.bundle/GoogleMaps.bundle/GMSCoreResources.bundle/measle_blank_small@3x.png
2026-08-12 09:07:05 +0000  copying file ./Payload/OverPar.app/GoogleMaps_GoogleMapsTarget.bundle/GoogleMaps.bundle/GMSCoreResources.bundle/sk.lproj/GMSCore.strings ... 
2026-08-12 09:07:05 +0000  5925 bytes for ./Payload/OverPar.app/GoogleMaps_GoogleMapsTarget.bundle/GoogleMaps.bundle/GMSCoreResources.bundle/sk.lproj/GMSCore.strings
2026-08-12 09:07:05 +0000  copying file ./Payload/OverPar.app/GoogleMaps_GoogleMapsTarget.bundle/GoogleMaps.bundle/GMSCoreResources.bundle/GMSMapColors2NavSprites-0-2x.png ... 
2026-08-12 09:07:05 +0000  2273 bytes for ./Payload/OverPar.app/GoogleMaps_GoogleMapsTarget.bundle/GoogleMaps.bundle/GMSCoreResources.bundle/GMSMapColors2NavSprites-0-2x.png
2026-08-12 09:07:05 +0000  copying file ./Payload/OverPar.app/GoogleMaps_GoogleMapsTarget.bundle/GoogleMaps.bundle/GMSCoreResources.bundle/GMSNavSprites-0-3x.png ... 
2026-08-12 09:07:05 +0000  20924 bytes for ./Payload/OverPar.app/GoogleMaps_GoogleMapsTarget.bundle/GoogleMaps.bundle/GMSCoreResources.bundle/GMSNavSprites-0-3x.png
2026-08-12 09:07:05 +0000  copying file ./Payload/OverPar.app/GoogleMaps_GoogleMapsTarget.bundle/GoogleMaps.bundle/GMSCoreResources.bundle/pt_PT.lproj/GMSCore.strings ... 
2026-08-12 09:07:05 +0000  5623 bytes for ./Payload/OverPar.app/GoogleMaps_GoogleMapsTarget.bundle/GoogleMaps.bundle/GMSCoreResources.bundle/pt_PT.lproj/GMSCore.strings
2026-08-12 09:07:05 +0000  copying file ./Payload/OverPar.app/GoogleMaps_GoogleMapsTarget.bundle/GoogleMaps.bundle/GMSCoreResources.bundle/button_compass_night.png ... 
2026-08-12 09:07:05 +0000  720 bytes for ./Payload/OverPar.app/GoogleMaps_GoogleMapsTarget.bundle/GoogleMaps.bundle/GMSCoreResources.bundle/button_compass_night.png
2026-08-12 09:07:05 +0000  copying file ./Payload/OverPar.app/GoogleMaps_GoogleMapsTarget.bundle/GoogleMaps.bundle/GMSCoreResources.bundle/button_my_location.png ... 
2026-08-12 09:07:05 +0000  492 bytes for ./Payload/OverPar.app/GoogleMaps_GoogleMapsTarget.bundle/GoogleMaps.bundle/GMSCoreResources.bundle/button_my_location.png
2026-08-12 09:07:05 +0000  copying file ./Payload/OverPar.app/GoogleMaps_GoogleMapsTarget.bundle/GoogleMaps.bundle/GMSCoreResources.bundle/measle_X@2x.png ... 
2026-08-12 09:07:05 +0000  2199 bytes for ./Payload/OverPar.app/GoogleMaps_GoogleMapsTarget.bundle/GoogleMaps.bundle/GMSCoreResources.bundle/measle_X@2x.png
2026-08-12 09:07:05 +0000  copying file ./Payload/OverPar.app/GoogleMaps_GoogleMapsTarget.bundle/GoogleMaps.bundle/GMSCoreResources.bundle/road_16-4.png ... 
2026-08-12 09:07:05 +0000  127 bytes for ./Payload/OverPar.app/GoogleMaps_GoogleMapsTarget.bundle/GoogleMaps.bundle/GMSCoreResources.bundle/road_16-4.png
copying file ./Payload/OverPar.app/GoogleMaps_GoogleMapsTarget.bundle/GoogleMaps.bundle/GMSCoreResources.bundle/measle_N@3x.png ... 
2026-08-12 09:07:05 +0000  4166 bytes for ./Payload/OverPar.app/GoogleMaps_GoogleMapsTarget.bundle/GoogleMaps.bundle/GMSCoreResources.bundle/measle_N@3x.png
2026-08-12 09:07:05 +0000  copying file ./Payload/OverPar.app/GoogleMaps_GoogleMapsTarget.bundle/GoogleMaps.bundle/GMSCoreResources.bundle/measle_B@3x.png ... 
2026-08-12 09:07:05 +0000  4187 bytes for ./Payload/OverPar.app/GoogleMaps_GoogleMapsTarget.bundle/GoogleMaps.bundle/GMSCoreResources.bundle/measle_B@3x.png
2026-08-12 09:07:05 +0000  copying file ./Payload/OverPar.app/GoogleMaps_GoogleMapsTarget.bundle/GoogleMaps.bundle/GMSCoreResources.bundle/GMSMapColors2Sprites-0-1x.png ... 
2026-08-12 09:07:05 +0000  4026 bytes for ./Payload/OverPar.app/GoogleMaps_GoogleMapsTarget.bundle/GoogleMaps.bundle/GMSCoreResources.bundle/GMSMapColors2Sprites-0-1x.png
2026-08-12 09:07:05 +0000  copying file ./Payload/OverPar.app/GoogleMaps_GoogleMapsTarget.bundle/GoogleMaps.bundle/GMSCoreResources.bundle/measle_T@2x.png ... 
2026-08-12 09:07:05 +0000  2066 bytes for ./Payload/OverPar.app/GoogleMaps_GoogleMapsTarget.bundle/GoogleMaps.bundle/GMSCoreResources.bundle/measle_T@2x.png
2026-08-12 09:07:05 +0000  copying file ./Payload/OverPar.app/GoogleMaps_GoogleMapsTarget.bundle/GoogleMaps.bundle/GMSCoreResources.bundle/sr.lproj/GMSCore.strings ... 
2026-08-12 09:07:05 +0000  6390 bytes for ./Payload/OverPar.app/GoogleMaps_GoogleMapsTarget.bundle/GoogleMaps.bundle/GMSCoreResources.bundle/sr.lproj/GMSCore.strings
2026-08-12 09:07:05 +0000  copying file ./Payload/OverPar.app/GoogleMaps_GoogleMapsTarget.bundle/GoogleMaps.bundle/GMSCoreResources.bundle/ms.lproj/GMSCore.strings ... 
2026-08-12 09:07:05 +0000  5222 bytes for ./Payload/OverPar.app/GoogleMaps_GoogleMapsTarget.bundle/GoogleMaps.bundle/GMSCoreResources.bundle/ms.lproj/GMSCore.strings
2026-08-12 09:07:05 +0000  copying file ./Payload/OverPar.app/GoogleMaps_GoogleMapsTarget.bundle/GoogleMaps.bundle/GMSCoreResources.bundle/road_256-64.png ... 
2026-08-12 09:07:05 +0000  1934 bytes for ./Payload/OverPar.app/GoogleMaps_GoogleMapsTarget.bundle/GoogleMaps.bundle/GMSCoreResources.bundle/road_256-64.png
2026-08-12 09:07:05 +0000  copying file ./Payload/OverPar.app/GoogleMaps_GoogleMapsTarget.bundle/GoogleMaps.bundle/GMSCoreResources.bundle/measle_L@2x.png ... 
2026-08-12 09:07:05 +0000  2056 bytes for ./Payload/OverPar.app/GoogleMaps_GoogleMapsTarget.bundle/GoogleMaps.bundle/GMSCoreResources.bundle/measle_L@2x.png
2026-08-12 09:07:05 +0000  copying file ./Payload/OverPar.app/GoogleMaps_GoogleMapsTarget.bundle/GoogleMaps.bundle/GMSCoreResources.bundle/measle_V@3x.png ... 
2026-08-12 09:07:05 +0000  4210 bytes for ./Payload/OverPar.app/GoogleMaps_GoogleMapsTarget.bundle/GoogleMaps.bundle/GMSCoreResources.bundle/measle_V@3x.png
2026-08-12 09:07:05 +0000  copying file ./Payload/OverPar.app/GoogleMaps_GoogleMapsTarget.bundle/GoogleMaps.bundle/GMSCoreResources.bundle/RocketShadersSim.metallib ... 
2026-08-12 09:07:05 +0000  37026 bytes for ./Payload/OverPar.app/GoogleMaps_GoogleMapsTarget.bundle/GoogleMaps.bundle/GMSCoreResources.bundle/RocketShadersSim.metallib
2026-08-12 09:07:05 +0000  copying file ./Payload/OverPar.app/GoogleMaps_GoogleMapsTarget.bundle/GoogleMaps.bundle/GMSCoreResources.bundle/measle_V@2x.png ... 
2026-08-12 09:07:05 +0000  2209 bytes for ./Payload/OverPar.app/GoogleMaps_GoogleMapsTarget.bundle/GoogleMaps.bundle/GMSCoreResources.bundle/measle_V@2x.png
2026-08-12 09:07:05 +0000  copying file ./Payload/OverPar.app/GoogleMaps_GoogleMapsTarget.bundle/GoogleMaps.bundle/GMSCoreResources.bundle/button_compass.png ... 
2026-08-12 09:07:05 +0000  631 bytes for ./Payload/OverPar.app/GoogleMaps_GoogleMapsTarget.bundle/GoogleMaps.bundle/GMSCoreResources.bundle/button_compass.png
2026-08-12 09:07:05 +0000  copying file ./Payload/OverPar.app/GoogleMaps_GoogleMapsTarget.bundle/GoogleMaps.bundle/GMSCoreResources.bundle/sv.lproj/GMSCore.strings ... 
2026-08-12 09:07:05 +0000  6180 bytes for ./Payload/OverPar.app/GoogleMaps_GoogleMapsTarget.bundle/GoogleMaps.bundle/GMSCoreResources.bundle/sv.lproj/GMSCore.strings
2026-08-12 09:07:05 +0000  copying file ./Payload/OverPar.app/GoogleMaps_GoogleMapsTarget.bundle/GoogleMaps.bundle/GMSCoreResources.bundle/road_8-2.png ... 
2026-08-12 09:07:05 +0000  93 bytes for ./Payload/OverPar.app/GoogleMaps_GoogleMapsTarget.bundle/GoogleMaps.bundle/GMSCoreResources.bundle/road_8-2.png
2026-08-12 09:07:05 +0000  copying file ./Payload/OverPar.app/GoogleMaps_GoogleMapsTarget.bundle/GoogleMaps.bundle/GMSCoreResources.bundle/measle_L@3x.png ... 
2026-08-12 09:07:05 +0000  3994 bytes for ./Payload/OverPar.app/GoogleMaps_GoogleMapsTarget.bundle/GoogleMaps.bundle/GMSCoreResources.bundle/measle_L@3x.png
2026-08-12 09:07:05 +0000  copying file ./Payload/OverPar.app/GoogleMaps_GoogleMapsTarget.bundle/GoogleMaps.bundle/GMSCoreResources.bundle/ic_closed_place_waypoint_alert_32pt.png ... 
2026-08-12 09:07:05 +0000  494 bytes for ./Payload/OverPar.app/GoogleMaps_GoogleMapsTarget.bundle/GoogleMaps.bundle/GMSCoreResources.bundle/ic_closed_place_waypoint_alert_32pt.png
2026-08-12 09:07:05 +0000  copying file ./Payload/OverPar.app/GoogleMaps_GoogleMapsTarget.bundle/GoogleMaps.bundle/GMSCoreResources.bundle/measle_T@3x.png ... 
2026-08-12 09:07:05 +0000  4000 bytes for ./Payload/OverPar.app/GoogleMaps_GoogleMapsTarget.bundle/GoogleMaps.bundle/GMSCoreResources.bundle/measle_T@3x.png
2026-08-12 09:07:05 +0000  copying file ./Payload/OverPar.app/GoogleMaps_GoogleMapsTarget.bundle/GoogleMaps.bundle/GMSCoreResources.bundle/cs.lproj/GMSCore.strings ... 
2026-08-12 09:07:05 +0000  6117 bytes for ./Payload/OverPar.app/GoogleMaps_GoogleMapsTarget.bundle/GoogleMaps.bundle/GMSCoreResources.bundle/cs.lproj/GMSCore.strings
2026-08-12 09:07:05 +0000  copying file ./Payload/OverPar.app/GoogleMaps_GoogleMapsTarget.bundle/GoogleMaps.bundle/GMSCoreResources.bundle/measle_B@2x.png ... 
2026-08-12 09:07:05 +0000  2175 bytes for ./Payload/OverPar.app/GoogleMaps_GoogleMapsTarget.bundle/GoogleMaps.bundle/GMSCoreResources.bundle/measle_B@2x.png
2026-08-12 09:07:05 +0000  copying file ./Payload/OverPar.app/GoogleMaps_GoogleMapsTarget.bundle/GoogleMaps.bundle/GMSCoreResources.bundle/measle_N@2x.png ... 
2026-08-12 09:07:05 +0000  2156 bytes for ./Payload/OverPar.app/GoogleMaps_GoogleMapsTarget.bundle/GoogleMaps.bundle/GMSCoreResources.bundle/measle_N@2x.png
2026-08-12 09:07:05 +0000  copying file ./Payload/OverPar.app/GoogleMaps_GoogleMapsTarget.bundle/GoogleMaps.bundle/GMSCoreResources.bundle/button_background.png ... 
2026-08-12 09:07:05 +0000  334 bytes for ./Payload/OverPar.app/GoogleMaps_GoogleMapsTarget.bundle/GoogleMaps.bundle/GMSCoreResources.bundle/button_background.png
2026-08-12 09:07:05 +0000  copying file ./Payload/OverPar.app/GoogleMaps_GoogleMapsTarget.bundle/GoogleMaps.bundle/GMSCoreResources.bundle/measle_X@3x.png ... 
2026-08-12 09:07:05 +0000  4237 bytes for ./Payload/OverPar.app/GoogleMaps_GoogleMapsTarget.bundle/GoogleMaps.bundle/GMSCoreResources.bundle/measle_X@3x.png
2026-08-12 09:07:05 +0000  copying file ./Payload/OverPar.app/GoogleMaps_GoogleMapsTarget.bundle/GoogleMaps.bundle/GMSCoreResources.bundle/GMSNavNightModeSprites-0-1x.png ... 
2026-08-12 09:07:05 +0000  3393 bytes for ./Payload/OverPar.app/GoogleMaps_GoogleMapsTarget.bundle/GoogleMaps.bundle/GMSCoreResources.bundle/GMSNavNightModeSprites-0-1x.png
2026-08-12 09:07:05 +0000  copying file ./Payload/OverPar.app/GoogleMaps_GoogleMapsTarget.bundle/GoogleMaps.bundle/GMSCoreResources.bundle/button_my_location@2x.png ... 
2026-08-12 09:07:05 +0000  1229 bytes for ./Payload/OverPar.app/GoogleMaps_GoogleMapsTarget.bundle/GoogleMaps.bundle/GMSCoreResources.bundle/button_my_location@2x.png
2026-08-12 09:07:05 +0000  copying file ./Payload/OverPar.app/GoogleMaps_GoogleMapsTarget.bundle/GoogleMaps.bundle/GMSCoreResources.bundle/en_IN.lproj/GMSCore.strings ... 
2026-08-12 09:07:05 +0000  4980 bytes for ./Payload/OverPar.app/GoogleMaps_GoogleMapsTarget.bundle/GoogleMaps.bundle/GMSCoreResources.bundle/en_IN.lproj/GMSCore.strings
2026-08-12 09:07:05 +0000  copying file ./Payload/OverPar.app/GoogleMaps_GoogleMapsTarget.bundle/GoogleMaps.bundle/GMSCoreResources.bundle/ko.lproj/GMSCore.strings ... 
2026-08-12 09:07:05 +0000  5315 bytes for ./Payload/OverPar.app/GoogleMaps_GoogleMapsTarget.bundle/GoogleMaps.bundle/GMSCoreResources.bundle/ko.lproj/GMSCore.strings
2026-08-12 09:07:05 +0000  copying file ./Payload/OverPar.app/GoogleMaps_GoogleMapsTarget.bundle/GoogleMaps.bundle/GMSCoreResources.bundle/GMSNavSprites-0-2x.png ... 
2026-08-12 09:07:05 +0000  13321 bytes for ./Payload/OverPar.app/GoogleMaps_GoogleMapsTarget.bundle/GoogleMaps.bundle/GMSCoreResources.bundle/GMSNavSprites-0-2x.png
2026-08-12 09:07:05 +0000  copying file ./Payload/OverPar.app/GoogleMaps_GoogleMapsTarget.bundle/GoogleMaps.bundle/GMSCoreResources.bundle/hy.lproj/GMSCore.strings ... 
2026-08-12 09:07:05 +0000  6431 bytes for ./Payload/OverPar.app/GoogleMaps_GoogleMapsTarget.bundle/GoogleMaps.bundle/GMSCoreResources.bundle/hy.lproj/GMSCore.strings
2026-08-12 09:07:05 +0000  copying file ./Payload/OverPar.app/GoogleMaps_GoogleMapsTarget.bundle/GoogleMaps.bundle/GMSCoreResources.bundle/GMSMapColors2NavSprites-0-3x.png ... 
2026-08-12 09:07:05 +0000  3408 bytes for ./Payload/OverPar.app/GoogleMaps_GoogleMapsTarget.bundle/GoogleMaps.bundle/GMSCoreResources.bundle/GMSMapColors2NavSprites-0-3x.png
2026-08-12 09:07:05 +0000  copying file ./Payload/OverPar.app/GoogleMaps_GoogleMapsTarget.bundle/GoogleMaps.bundle/GMSCoreResources.bundle/measle_blank_small.png ... 
2026-08-12 09:07:05 +0000  252 bytes for ./Payload/OverPar.app/GoogleMaps_GoogleMapsTarget.bundle/GoogleMaps.bundle/GMSCoreResources.bundle/measle_blank_small.png
2026-08-12 09:07:05 +0000  copying file ./Payload/OverPar.app/GoogleMaps_GoogleMapsTarget.bundle/GoogleMaps.bundle/GMSCoreResources.bundle/measle_blank_small@2x.png ... 
2026-08-12 09:07:05 +0000  508 bytes for ./Payload/OverPar.app/GoogleMaps_GoogleMapsTarget.bundle/GoogleMaps.bundle/GMSCoreResources.bundle/measle_blank_small@2x.png
2026-08-12 09:07:05 +0000  copying file ./Payload/OverPar.app/GoogleMaps_GoogleMapsTarget.bundle/GoogleMaps.bundle/GMSCoreResources.bundle/ic_location_off@2x.png ... 
2026-08-12 09:07:05 +0000  860 bytes for ./Payload/OverPar.app/GoogleMaps_GoogleMapsTarget.bundle/GoogleMaps.bundle/GMSCoreResources.bundle/ic_location_off@2x.png
2026-08-12 09:07:05 +0000  copying file ./Payload/OverPar.app/GoogleMaps_GoogleMapsTarget.bundle/GoogleMaps.bundle/GMSCoreResources.bundle/my.lproj/GMSCore.strings ... 
2026-08-12 09:07:05 +0000  7128 bytes for ./Payload/OverPar.app/GoogleMaps_GoogleMapsTarget.bundle/GoogleMaps.bundle/GMSCoreResources.bundle/my.lproj/GMSCore.strings
2026-08-12 09:07:05 +0000  copying file ./Payload/OverPar.app/GoogleMaps_GoogleMapsTarget.bundle/GoogleMaps.bundle/GMSCoreResources.bundle/ic_covid_checkpoint_waypoint_alert_32pt@2x.png ... 
2026-08-12 09:07:05 +0000  1373 bytes for ./Payload/OverPar.app/GoogleMaps_GoogleMapsTarget.bundle/GoogleMaps.bundle/GMSCoreResources.bundle/ic_covid_checkpoint_waypoint_alert_32pt@2x.png
2026-08-12 09:07:05 +0000  copying file ./Payload/OverPar.app/GoogleMaps_GoogleMapsTarget.bundle/GoogleMaps.bundle/GMSCoreResources.bundle/GMSNavSprites-0-1x.png ... 
2026-08-12 09:07:05 +0000  5684 bytes for ./Payload/OverPar.app/GoogleMaps_GoogleMapsTarget.bundle/GoogleMaps.bundle/GMSCoreResources.bundle/GMSNavSprites-0-1x.png
2026-08-12 09:07:05 +0000  copying file ./Payload/OverPar.app/GoogleMaps_GoogleMapsTarget.bundle/GoogleMaps.bundle/GMSCoreResources.bundle/Tharlon-Regular.ttf ... 
2026-08-12 09:07:05 +0000  353228 bytes for ./Payload/OverPar.app/GoogleMaps_GoogleMapsTarget.bundle/GoogleMaps.bundle/GMSCoreResources.bundle/Tharlon-Regular.ttf
2026-08-12 09:07:05 +0000  copying file ./Payload/OverPar.app/GoogleMaps_GoogleMapsTarget.bundle/GoogleMaps.bundle/GMSCoreResources.bundle/hu.lproj/GMSCore.strings ... 
2026-08-12 09:07:05 +0000  5351 bytes for ./Payload/OverPar.app/GoogleMaps_GoogleMapsTarget.bundle/GoogleMaps.bundle/GMSCoreResources.bundle/hu.lproj/GMSCore.strings
2026-08-12 09:07:05 +0000  copying file ./Payload/OverPar.app/GoogleMaps_GoogleMapsTarget.bundle/GoogleMaps.bundle/GMSCoreResources.bundle/measle_deviation@3x.png ... 
2026-08-12 09:07:05 +0000  1215 bytes for ./Payload/OverPar.app/GoogleMaps_GoogleMapsTarget.bundle/GoogleMaps.bundle/GMSCoreResources.bundle/measle_deviation@3x.png
2026-08-12 09:07:05 +0000  copying file ./Payload/OverPar.app/GoogleMaps_GoogleMapsTarget.bundle/GoogleMaps.bundle/GMSCoreResources.bundle/zh_HK.lproj/GMSCore.strings ... 
2026-08-12 09:07:05 +0000  5381 bytes for ./Payload/OverPar.app/GoogleMaps_GoogleMapsTarget.bundle/GoogleMaps.bundle/GMSCoreResources.bundle/zh_HK.lproj/GMSCore.strings
2026-08-12 09:07:05 +0000  copying file ./Payload/OverPar.app/GoogleMaps_GoogleMapsTarget.bundle/GoogleMaps.bundle/GMSCoreResources.bundle/road_4-1.png ... 
2026-08-12 09:07:05 +0000  74 bytes for ./Payload/OverPar.app/GoogleMaps_GoogleMapsTarget.bundle/GoogleMaps.bundle/GMSCoreResources.bundle/road_4-1.png
2026-08-12 09:07:05 +0000  copying file ./Payload/OverPar.app/GoogleMaps_GoogleMapsTarget.bundle/GoogleMaps.bundle/GMSCoreResources.bundle/ka.lproj/GMSCore.strings ... 
2026-08-12 09:07:05 +0000  6376 bytes for ./Payload/OverPar.app/GoogleMaps_GoogleMapsTarget.bundle/GoogleMaps.bundle/GMSCoreResources.bundle/ka.lproj/GMSCore.strings
2026-08-12 09:07:05 +0000  copying file ./Payload/OverPar.app/GoogleMaps_GoogleMapsTarget.bundle/GoogleMaps.bundle/GMSCoreResources.bundle/button_background@2x.png ... 
2026-08-12 09:07:05 +0000  433 bytes for ./Payload/OverPar.app/GoogleMaps_GoogleMapsTarget.bundle/GoogleMaps.bundle/GMSCoreResources.bundle/button_background@2x.png
2026-08-12 09:07:05 +0000  copying file ./Payload/OverPar.app/GoogleMaps_GoogleMapsTarget.bundle/GoogleMaps.bundle/GMSCoreResources.bundle/ic_compass_needle_32pt.png ... 
2026-08-12 09:07:05 +0000  742 bytes for ./Payload/OverPar.app/GoogleMaps_GoogleMapsTarget.bundle/GoogleMaps.bundle/GMSCoreResources.bundle/ic_compass_needle_32pt.png
2026-08-12 09:07:05 +0000  copying file ./Payload/OverPar.app/GoogleMaps_GoogleMapsTarget.bundle/GoogleMaps.bundle/GMSCoreResources.bundle/measle_I@3x.png ... 
2026-08-12 09:07:05 +0000  3977 bytes for ./Payload/OverPar.app/GoogleMaps_GoogleMapsTarget.bundle/GoogleMaps.bundle/GMSCoreResources.bundle/measle_I@3x.png
2026-08-12 09:07:05 +0000  copying file ./Payload/OverPar.app/GoogleMaps_GoogleMapsTarget.bundle/GoogleMaps.bundle/GMSCoreResources.bundle/measle_E@3x.png ... 
2026-08-12 09:07:05 +0000  4031 bytes for ./Payload/OverPar.app/GoogleMaps_GoogleMapsTarget.bundle/GoogleMaps.bundle/GMSCoreResources.bundle/measle_E@3x.png
2026-08-12 09:07:05 +0000  copying file ./Payload/OverPar.app/GoogleMaps_GoogleMapsTarget.bundle/GoogleMaps.bundle/GMSCoreResources.bundle/ic_compass_needle@2x.png ... 
2026-08-12 09:07:05 +0000  992 bytes for ./Payload/OverPar.app/GoogleMaps_GoogleMapsTarget.bundle/GoogleMaps.bundle/GMSCoreResources.bundle/ic_compass_needle@2x.png
2026-08-12 09:07:05 +0000  copying file ./Payload/OverPar.app/GoogleMaps_GoogleMapsTarget.bundle/GoogleMaps.bundle/GMSCoreResources.bundle/measle_S@2x.png ... 
2026-08-12 09:07:05 +0000  2222 bytes for ./Payload/OverPar.app/GoogleMaps_GoogleMapsTarget.bundle/GoogleMaps.bundle/GMSCoreResources.bundle/measle_S@2x.png
2026-08-12 09:07:05 +0000  copying file ./Payload/OverPar.app/GoogleMaps_GoogleMapsTarget.bundle/GoogleMaps.bundle/GMSCoreResources.bundle/Assets.car ... 
2026-08-12 09:07:05 +0000  20680 bytes for ./Payload/OverPar.app/GoogleMaps_GoogleMapsTarget.bundle/GoogleMaps.bundle/GMSCoreResources.bundle/Assets.car
2026-08-12 09:07:05 +0000  copying file ./Payload/OverPar.app/GoogleMaps_GoogleMapsTarget.bundle/GoogleMaps.bundle/GMSCoreResources.bundle/tr.lproj/GMSCore.strings ... 
2026-08-12 09:07:05 +0000  5904 bytes for ./Payload/OverPar.app/GoogleMaps_GoogleMapsTarget.bundle/GoogleMaps.bundle/GMSCoreResources.bundle/tr.lproj/GMSCore.strings
2026-08-12 09:07:05 +0000  copying file ./Payload/OverPar.app/GoogleMaps_GoogleMapsTarget.bundle/GoogleMaps.bundle/GMSCoreResources.bundle/GMSMapColors2Sprites-0-3x.png ... 
2026-08-12 09:07:05 +0000  13060 bytes for ./Payload/OverPar.app/GoogleMaps_GoogleMapsTarget.bundle/GoogleMaps.bundle/GMSCoreResources.bundle/GMSMapColors2Sprites-0-3x.png
2026-08-12 09:07:05 +0000  copying file ./Payload/OverPar.app/GoogleMaps_GoogleMapsTarget.bundle/GoogleMaps.bundle/GMSCoreResources.bundle/measle_K@2x.png ... 
2026-08-12 09:07:05 +0000  2166 bytes for ./Payload/OverPar.app/GoogleMaps_GoogleMapsTarget.bundle/GoogleMaps.bundle/GMSCoreResources.bundle/measle_K@2x.png
2026-08-12 09:07:05 +0000  copying file ./Payload/OverPar.app/GoogleMaps_GoogleMapsTarget.bundle/GoogleMaps.bundle/GMSCoreResources.bundle/pl.lproj/GMSCore.strings ... 
2026-08-12 09:07:05 +0000  5736 bytes for ./Payload/OverPar.app/GoogleMaps_GoogleMapsTarget.bundle/GoogleMaps.bundle/GMSCoreResources.bundle/pl.lproj/GMSCore.strings
2026-08-12 09:07:05 +0000  copying file ./Payload/OverPar.app/GoogleMaps_GoogleMapsTarget.bundle/GoogleMaps.bundle/GMSCoreResources.bundle/measle_dot.png ... 
2026-08-12 09:07:05 +0000  739 bytes for ./Payload/OverPar.app/GoogleMaps_GoogleMapsTarget.bundle/GoogleMaps.bundle/GMSCoreResources.bundle/measle_dot.png
2026-08-12 09:07:05 +0000  copying file ./Payload/OverPar.app/GoogleMaps_GoogleMapsTarget.bundle/GoogleMaps.bundle/GMSCoreResources.bundle/measle_G@2x.png ... 
2026-08-12 09:07:05 +0000  2214 bytes for ./Payload/OverPar.app/GoogleMaps_GoogleMapsTarget.bundle/GoogleMaps.bundle/GMSCoreResources.bundle/measle_G@2x.png
2026-08-12 09:07:05 +0000  copying file ./Payload/OverPar.app/GoogleMaps_GoogleMapsTarget.bundle/GoogleMaps.bundle/GMSCoreResources.bundle/measle_dot@2x.png ... 
2026-08-12 09:07:05 +0000  1622 bytes for ./Payload/OverPar.app/GoogleMaps_GoogleMapsTarget.bundle/GoogleMaps.bundle/GMSCoreResources.bundle/measle_dot@2x.png
2026-08-12 09:07:05 +0000  copying file ./Payload/OverPar.app/GoogleMaps_GoogleMapsTarget.bundle/GoogleMaps.bundle/GMSCoreResources.bundle/zh_TW.lproj/GMSCore.strings ... 
2026-08-12 09:07:05 +0000  5377 bytes for ./Payload/OverPar.app/GoogleMaps_GoogleMapsTarget.bundle/GoogleMaps.bundle/GMSCoreResources.bundle/zh_TW.lproj/GMSCore.strings
2026-08-12 09:07:05 +0000  copying file ./Payload/OverPar.app/GoogleMaps_GoogleMapsTarget.bundle/GoogleMaps.bundle/GMSCoreResources.bundle/ic_closed_place_waypoint_alert_32pt@3x.png ... 
2026-08-12 09:07:05 +0000  1643 bytes for ./Payload/OverPar.app/GoogleMaps_GoogleMapsTarget.bundle/GoogleMaps.bundle/GMSCoreResources.bundle/ic_closed_place_waypoint_alert_32pt@3x.png
2026-08-12 09:07:05 +0000  copying file ./Payload/OverPar.app/GoogleMaps_GoogleMapsTarget.bundle/GoogleMaps.bundle/GMSCoreResources.bundle/measle_Q@3x.png ... 
2026-08-12 09:07:05 +0000  4002 bytes for ./Payload/OverPar.app/GoogleMaps_GoogleMapsTarget.bundle/GoogleMaps.bundle/GMSCoreResources.bundle/measle_Q@3x.png
2026-08-12 09:07:05 +0000  copying file ./Payload/OverPar.app/GoogleMaps_GoogleMapsTarget.bundle/GoogleMaps.bundle/GMSCoreResources.bundle/GMSNavNightModeSprites-0-2x.png ... 
2026-08-12 09:07:05 +0000  7660 bytes for ./Payload/OverPar.app/GoogleMaps_GoogleMapsTarget.bundle/GoogleMaps.bundle/GMSCoreResources.bundle/GMSNavNightModeSprites-0-2x.png
2026-08-12 09:07:05 +0000  copying file ./Payload/OverPar.app/GoogleMaps_GoogleMapsTarget.bundle/GoogleMaps.bundle/GMSCoreResources.bundle/GMSNavNightModeSprites-0-3x.png ... 
2026-08-12 09:07:05 +0000  12519 bytes for ./Payload/OverPar.app/GoogleMaps_GoogleMapsTarget.bundle/GoogleMaps.bundle/GMSCoreResources.bundle/GMSNavNightModeSprites-0-3x.png
2026-08-12 09:07:05 +0000  copying file ./Payload/OverPar.app/GoogleMaps_GoogleMapsTarget.bundle/GoogleMaps.bundle/GMSCoreResources.bundle/measle_Q@2x.png ... 
2026-08-12 09:07:05 +0000  2233 bytes for ./Payload/OverPar.app/GoogleMaps_GoogleMapsTarget.bundle/GoogleMaps.bundle/GMSCoreResources.bundle/measle_Q@2x.png
2026-08-12 09:07:05 +0000  copying file ./Payload/OverPar.app/GoogleMaps_GoogleMapsTarget.bundle/GoogleMaps.bundle/GMSCoreResources.bundle/ic_closed_place_waypoint_alert_32pt@2x.png ... 
2026-08-12 09:07:05 +0000  1210 bytes for ./Payload/OverPar.app/GoogleMaps_GoogleMapsTarget.bundle/GoogleMaps.bundle/GMSCoreResources.bundle/ic_closed_place_waypoint_alert_32pt@2x.png
2026-08-12 09:07:05 +0000  copying file ./Payload/OverPar.app/GoogleMaps_GoogleMapsTarget.bundle/GoogleMaps.bundle/GMSCoreResources.bundle/en_GB.lproj/GMSCore.strings ... 
2026-08-12 09:07:05 +0000  4980 bytes for ./Payload/OverPar.app/GoogleMaps_GoogleMapsTarget.bundle/GoogleMaps.bundle/GMSCoreResources.bundle/en_GB.lproj/GMSCore.strings
2026-08-12 09:07:05 +0000  copying file ./Payload/OverPar.app/GoogleMaps_GoogleMapsTarget.bundle/GoogleMaps.bundle/GMSCoreResources.bundle/measle_G@3x.png ... 
2026-08-12 09:07:05 +0000  4244 bytes for ./Payload/OverPar.app/GoogleMaps_GoogleMapsTarget.bundle/GoogleMaps.bundle/GMSCoreResources.bundle/measle_G@3x.png
2026-08-12 09:07:05 +0000  copying file ./Payload/OverPar.app/GoogleMaps_GoogleMapsTarget.bundle/GoogleMaps.bundle/GMSCoreResources.bundle/measle_dot@3x.png ... 
2026-08-12 09:07:05 +0000  3288 bytes for ./Payload/OverPar.app/GoogleMaps_GoogleMapsTarget.bundle/GoogleMaps.bundle/GMSCoreResources.bundle/measle_dot@3x.png
2026-08-12 09:07:05 +0000  copying file ./Payload/OverPar.app/GoogleMaps_GoogleMapsTarget.bundle/GoogleMaps.bundle/GMSCoreResources.bundle/measle_K@3x.png ... 
2026-08-12 09:07:05 +0000  4192 bytes for ./Payload/OverPar.app/GoogleMaps_GoogleMapsTarget.bundle/GoogleMaps.bundle/GMSCoreResources.bundle/measle_K@3x.png
2026-08-12 09:07:05 +0000  copying file ./Payload/OverPar.app/GoogleMaps_GoogleMapsTarget.bundle/GoogleMaps.bundle/GMSCoreResources.bundle/GMSMapColors2Sprites-0-2x.png ... 
2026-08-12 09:07:05 +0000  8548 bytes for ./Payload/OverPar.app/GoogleMaps_GoogleMapsTarget.bundle/GoogleMaps.bundle/GMSCoreResources.bundle/GMSMapColors2Sprites-0-2x.png
2026-08-12 09:07:05 +0000  copying file ./Payload/OverPar.app/GoogleMaps_GoogleMapsTarget.bundle/GoogleMaps.bundle/GMSCoreResources.bundle/dav_one_way_16_256.png ... 
2026-08-12 09:07:05 +0000  315 bytes for ./Payload/OverPar.app/GoogleMaps_GoogleMapsTarget.bundle/GoogleMaps.bundle/GMSCoreResources.bundle/dav_one_way_16_256.png
2026-08-12 09:07:05 +0000  copying file ./Payload/OverPar.app/GoogleMaps_GoogleMapsTarget.bundle/GoogleMaps.bundle/GMSCoreResources.bundle/measle_S@3x.png ... 
2026-08-12 09:07:05 +0000  4290 bytes for ./Payload/OverPar.app/GoogleMaps_GoogleMapsTarget.bundle/GoogleMaps.bundle/GMSCoreResources.bundle/measle_S@3x.png
2026-08-12 09:07:05 +0000  copying file ./Payload/OverPar.app/GoogleMaps_GoogleMapsTarget.bundle/GoogleMaps.bundle/GMSCoreResources.bundle/road_2-1.png ... 
2026-08-12 09:07:05 +0000  84 bytes for ./Payload/OverPar.app/GoogleMaps_GoogleMapsTarget.bundle/GoogleMaps.bundle/GMSCoreResources.bundle/road_2-1.png
copying file ./Payload/OverPar.app/GoogleMaps_GoogleMapsTarget.bundle/GoogleMaps.bundle/GMSCoreResources.bundle/measle_E@2x.png ... 
2026-08-12 09:07:05 +0000  2082 bytes for ./Payload/OverPar.app/GoogleMaps_GoogleMapsTarget.bundle/GoogleMaps.bundle/GMSCoreResources.bundle/measle_E@2x.png
2026-08-12 09:07:05 +0000  copying file ./Payload/OverPar.app/GoogleMaps_GoogleMapsTarget.bundle/GoogleMaps.bundle/GMSCoreResources.bundle/vi.lproj/GMSCore.strings ... 
2026-08-12 09:07:05 +0000  6491 bytes for ./Payload/OverPar.app/GoogleMaps_GoogleMapsTarget.bundle/GoogleMaps.bundle/GMSCoreResources.bundle/vi.lproj/GMSCore.strings
2026-08-12 09:07:05 +0000  copying file ./Payload/OverPar.app/GoogleMaps_GoogleMapsTarget.bundle/GoogleMaps.bundle/GMSCoreResources.bundle/measle_I@2x.png ... 
2026-08-12 09:07:05 +0000  2046 bytes for ./Payload/OverPar.app/GoogleMaps_GoogleMapsTarget.bundle/GoogleMaps.bundle/GMSCoreResources.bundle/measle_I@2x.png
2026-08-12 09:07:05 +0000  copying file ./Payload/OverPar.app/GoogleMaps_GoogleMapsTarget.bundle/GoogleMaps.bundle/GMSCoreResources.bundle/button_background@3x.png ... 
2026-08-12 09:07:05 +0000  515 bytes for ./Payload/OverPar.app/GoogleMaps_GoogleMapsTarget.bundle/GoogleMaps.bundle/GMSCoreResources.bundle/button_background@3x.png
2026-08-12 09:07:05 +0000  copying file ./Payload/OverPar.app/GoogleMaps_GoogleMapsTarget.bundle/GoogleMaps.bundle/GMSCoreResources.bundle/road_32-8.png ... 
2026-08-12 09:07:05 +0000  223 bytes for ./Payload/OverPar.app/GoogleMaps_GoogleMapsTarget.bundle/GoogleMaps.bundle/GMSCoreResources.bundle/road_32-8.png
2026-08-12 09:07:05 +0000  copying file ./Payload/OverPar.app/GoogleMaps_GoogleMapsTarget.bundle/GoogleMaps.bundle/GMSCoreResources.bundle/lt.lproj/GMSCore.strings ... 
2026-08-12 09:07:05 +0000  5837 bytes for ./Payload/OverPar.app/GoogleMaps_GoogleMapsTarget.bundle/GoogleMaps.bundle/GMSCoreResources.bundle/lt.lproj/GMSCore.strings
2026-08-12 09:07:05 +0000  copying file ./Payload/OverPar.app/GoogleMaps_GoogleMapsTarget.bundle/GoogleMaps.bundle/GMSCoreResources.bundle/ru.lproj/GMSCore.strings ... 
2026-08-12 09:07:05 +0000  6607 bytes for ./Payload/OverPar.app/GoogleMaps_GoogleMapsTarget.bundle/GoogleMaps.bundle/GMSCoreResources.bundle/ru.lproj/GMSCore.strings
2026-08-12 09:07:05 +0000  copying file ./Payload/OverPar.app/GoogleMaps_GoogleMapsTarget.bundle/GoogleMaps.bundle/GMSCoreResources.bundle/measle_deviation@2x.png ... 
2026-08-12 09:07:05 +0000  910 bytes for ./Payload/OverPar.app/GoogleMaps_GoogleMapsTarget.bundle/GoogleMaps.bundle/GMSCoreResources.bundle/measle_deviation@2x.png
2026-08-12 09:07:05 +0000  copying file ./Payload/OverPar.app/GoogleMaps_GoogleMapsTarget.bundle/GoogleMaps.bundle/GMSCoreResources.bundle/GMSShaders.metallib ... 
2026-08-12 09:07:05 +0000  239784 bytes for ./Payload/OverPar.app/GoogleMaps_GoogleMapsTarget.bundle/GoogleMaps.bundle/GMSCoreResources.bundle/GMSShaders.metallib
2026-08-12 09:07:05 +0000  copying file ./Payload/OverPar.app/GoogleMaps_GoogleMapsTarget.bundle/GoogleMaps.bundle/GMSCoreResources.bundle/GMSMapColors2NavSprites-0-1x.png ... 
2026-08-12 09:07:05 +0000  1122 bytes for ./Payload/OverPar.app/GoogleMaps_GoogleMapsTarget.bundle/GoogleMaps.bundle/GMSCoreResources.bundle/GMSMapColors2NavSprites-0-1x.png
2026-08-12 09:07:05 +0000  copying file ./Payload/OverPar.app/GoogleMaps_GoogleMapsTarget.bundle/GoogleMaps.bundle/GMSCoreResources.bundle/polyline_colors_texture_dim.png ... 
2026-08-12 09:07:05 +0000  7485 bytes for ./Payload/OverPar.app/GoogleMaps_GoogleMapsTarget.bundle/GoogleMaps.bundle/GMSCoreResources.bundle/polyline_colors_texture_dim.png
2026-08-12 09:07:05 +0000  copying file ./Payload/OverPar.app/GoogleMaps_GoogleMapsTarget.bundle/GoogleMaps.bundle/GMSCoreResources.bundle/ic_covid_checkpoint_waypoint_alert_32pt@3x.png ... 
2026-08-12 09:07:05 +0000  1826 bytes for ./Payload/OverPar.app/GoogleMaps_GoogleMapsTarget.bundle/GoogleMaps.bundle/GMSCoreResources.bundle/ic_covid_checkpoint_waypoint_alert_32pt@3x.png
2026-08-12 09:07:05 +0000  copying file ./Payload/OverPar.app/GoogleMaps_GoogleMapsTarget.bundle/GoogleMaps.bundle/GMSCoreResources.bundle/ic_closed_place_waypoint_alert_night_32pt.png ... 
2026-08-12 09:07:05 +0000  435 bytes for ./Payload/OverPar.app/GoogleMaps_GoogleMapsTarget.bundle/GoogleMaps.bundle/GMSCoreResources.bundle/ic_closed_place_waypoint_alert_night_32pt.png
2026-08-12 09:07:05 +0000  copying file ./Payload/OverPar.app/GoogleMaps_GoogleMapsTarget.bundle/GoogleMaps.bundle/GMSCoreResources.bundle/fr_CA.lproj/GMSCore.strings ... 
2026-08-12 09:07:05 +0000  6045 bytes for ./Payload/OverPar.app/GoogleMaps_GoogleMapsTarget.bundle/GoogleMaps.bundle/GMSCoreResources.bundle/fr_CA.lproj/GMSCore.strings
2026-08-12 09:07:05 +0000  copying file ./Payload/OverPar.app/GoogleMaps_GoogleMapsTarget.bundle/GoogleMaps.bundle/GMSCoreResources.bundle/measle_K.png ... 
2026-08-12 09:07:05 +0000  843 bytes for ./Payload/OverPar.app/GoogleMaps_GoogleMapsTarget.bundle/GoogleMaps.bundle/GMSCoreResources.bundle/measle_K.png
2026-08-12 09:07:05 +0000  copying file ./Payload/OverPar.app/GoogleMaps_GoogleMapsTarget.bundle/GoogleMaps.bundle/GMSCoreResources.bundle/measle_deviation.png ... 
2026-08-12 09:07:05 +0000  582 bytes for ./Payload/OverPar.app/GoogleMaps_GoogleMapsTarget.bundle/GoogleMaps.bundle/GMSCoreResources.bundle/measle_deviation.png
2026-08-12 09:07:05 +0000  copying file ./Payload/OverPar.app/GoogleMaps_GoogleMapsTarget.bundle/GoogleMaps.bundle/GMSCoreResources.bundle/measle_M@2x.png ... 
2026-08-12 09:07:05 +0000  2225 bytes for ./Payload/OverPar.app/GoogleMaps_GoogleMapsTarget.bundle/GoogleMaps.bundle/GMSCoreResources.bundle/measle_M@2x.png
2026-08-12 09:07:05 +0000  copying file ./Payload/OverPar.app/GoogleMaps_GoogleMapsTarget.bundle/GoogleMaps.bundle/GMSCoreResources.bundle/ic_covid_checkpoint_waypoint_alert_night_32pt@3x.png ... 
2026-08-12 09:07:05 +0000  1841 bytes for ./Payload/OverPar.app/GoogleMaps_GoogleMapsTarget.bundle/GoogleMaps.bundle/GMSCoreResources.bundle/ic_covid_checkpoint_waypoint_alert_night_32pt@3x.png
2026-08-12 09:07:05 +0000  copying file ./Payload/OverPar.app/GoogleMaps_GoogleMapsTarget.bundle/GoogleMaps.bundle/GMSCoreResources.bundle/ic_compass_needle_32pt@2x.png ... 
2026-08-12 09:07:05 +0000  1360 bytes for ./Payload/OverPar.app/GoogleMaps_GoogleMapsTarget.bundle/GoogleMaps.bundle/GMSCoreResources.bundle/ic_compass_needle_32pt@2x.png
2026-08-12 09:07:05 +0000  copying file ./Payload/OverPar.app/GoogleMaps_GoogleMapsTarget.bundle/GoogleMaps.bundle/GMSCoreResources.bundle/road_128-32.png ... 
2026-08-12 09:07:05 +0000  1029 bytes for ./Payload/OverPar.app/GoogleMaps_GoogleMapsTarget.bundle/GoogleMaps.bundle/GMSCoreResources.bundle/road_128-32.png
2026-08-12 09:07:05 +0000  copying file ./Payload/OverPar.app/GoogleMaps_GoogleMapsTarget.bundle/GoogleMaps.bundle/GMSCoreResources.bundle/measle_W@3x.png ... 
2026-08-12 09:07:05 +0000  4392 bytes for ./Payload/OverPar.app/GoogleMaps_GoogleMapsTarget.bundle/GoogleMaps.bundle/GMSCoreResources.bundle/measle_W@3x.png
2026-08-12 09:07:05 +0000  copying file ./Payload/OverPar.app/GoogleMaps_GoogleMapsTarget.bundle/GoogleMaps.bundle/GMSCoreResources.bundle/uz.lproj/GMSCore.strings ... 
2026-08-12 09:07:05 +0000  5092 bytes for ./Payload/OverPar.app/GoogleMaps_GoogleMapsTarget.bundle/GoogleMaps.bundle/GMSCoreResources.bundle/uz.lproj/GMSCore.strings
2026-08-12 09:07:05 +0000  copying file ./Payload/OverPar.app/GoogleMaps_GoogleMapsTarget.bundle/GoogleMaps.bundle/GMSCoreResources.bundle/measle_blank@3x.png ... 
2026-08-12 09:07:05 +0000  3148 bytes for ./Payload/OverPar.app/GoogleMaps_GoogleMapsTarget.bundle/GoogleMaps.bundle/GMSCoreResources.bundle/measle_blank@3x.png
2026-08-12 09:07:05 +0000  copying file ./Payload/OverPar.app/GoogleMaps_GoogleMapsTarget.bundle/GoogleMaps.bundle/GMSCoreResources.bundle/ic_covid_medical_waypoint_alert_32pt.png ... 
2026-08-12 09:07:05 +0000  441 bytes for ./Payload/OverPar.app/GoogleMaps_GoogleMapsTarget.bundle/GoogleMaps.bundle/GMSCoreResources.bundle/ic_covid_medical_waypoint_alert_32pt.png
2026-08-12 09:07:05 +0000  copying file ./Payload/OverPar.app/GoogleMaps_GoogleMapsTarget.bundle/GoogleMaps.bundle/GMSCoreResources.bundle/measle_A@2x.png ... 
2026-08-12 09:07:05 +0000  2183 bytes for ./Payload/OverPar.app/GoogleMaps_GoogleMapsTarget.bundle/GoogleMaps.bundle/GMSCoreResources.bundle/measle_A@2x.png
2026-08-12 09:07:05 +0000  copying file ./Payload/OverPar.app/GoogleMaps_GoogleMapsTarget.bundle/GoogleMaps.bundle/GMSCoreResources.bundle/measle_O@3x.png ... 
2026-08-12 09:07:05 +0000  4268 bytes for ./Payload/OverPar.app/GoogleMaps_GoogleMapsTarget.bundle/GoogleMaps.bundle/GMSCoreResources.bundle/measle_O@3x.png
2026-08-12 09:07:05 +0000  copying file ./Payload/OverPar.app/GoogleMaps_GoogleMapsTarget.bundle/GoogleMaps.bundle/GMSCoreResources.bundle/fr.lproj/GMSCore.strings ... 
2026-08-12 09:07:05 +0000  6303 bytes for ./Payload/OverPar.app/GoogleMaps_GoogleMapsTarget.bundle/GoogleMaps.bundle/GMSCoreResources.bundle/fr.lproj/GMSCore.strings
2026-08-12 09:07:05 +0000  copying file ./Payload/OverPar.app/GoogleMaps_GoogleMapsTarget.bundle/GoogleMaps.bundle/GMSCoreResources.bundle/fi.lproj/GMSCore.strings ... 
2026-08-12 09:07:05 +0000  5694 bytes for ./Payload/OverPar.app/GoogleMaps_GoogleMapsTarget.bundle/GoogleMaps.bundle/GMSCoreResources.bundle/fi.lproj/GMSCore.strings
2026-08-12 09:07:05 +0000  copying file ./Payload/OverPar.app/GoogleMaps_GoogleMapsTarget.bundle/GoogleMaps.bundle/GMSCoreResources.bundle/measle_Y@2x.png ... 
2026-08-12 09:07:05 +0000  2160 bytes for ./Payload/OverPar.app/GoogleMaps_GoogleMapsTarget.bundle/GoogleMaps.bundle/GMSCoreResources.bundle/measle_Y@2x.png
2026-08-12 09:07:05 +0000  copying file ./Payload/OverPar.app/GoogleMaps_GoogleMapsTarget.bundle/GoogleMaps.bundle/GMSCoreResources.bundle/id.lproj/GMSCore.strings ... 
2026-08-12 09:07:05 +0000  4988 bytes for ./Payload/OverPar.app/GoogleMaps_GoogleMapsTarget.bundle/GoogleMaps.bundle/GMSCoreResources.bundle/id.lproj/GMSCore.strings
2026-08-12 09:07:05 +0000  copying file ./Payload/OverPar.app/GoogleMaps_GoogleMapsTarget.bundle/GoogleMaps.bundle/GMSCoreResources.bundle/nl.lproj/GMSCore.strings ... 
2026-08-12 09:07:05 +0000  5281 bytes for ./Payload/OverPar.app/GoogleMaps_GoogleMapsTarget.bundle/GoogleMaps.bundle/GMSCoreResources.bundle/nl.lproj/GMSCore.strings
2026-08-12 09:07:05 +0000  copying file ./Payload/OverPar.app/GoogleMaps_GoogleMapsTarget.bundle/GoogleMaps.bundle/GMSCoreResources.bundle/th.lproj/GMSCore.strings ... 
2026-08-12 09:07:05 +0000  6702 bytes for ./Payload/OverPar.app/GoogleMaps_GoogleMapsTarget.bundle/GoogleMaps.bundle/GMSCoreResources.bundle/th.lproj/GMSCore.strings
2026-08-12 09:07:05 +0000  copying file ./Payload/OverPar.app/GoogleMaps_GoogleMapsTarget.bundle/GoogleMaps.bundle/GMSCoreResources.bundle/measle_U@2x.png ... 
2026-08-12 09:07:05 +0000  2136 bytes for ./Payload/OverPar.app/GoogleMaps_GoogleMapsTarget.bundle/GoogleMaps.bundle/GMSCoreResources.bundle/measle_U@2x.png
2026-08-12 09:07:05 +0000  copying file ./Payload/OverPar.app/GoogleMaps_GoogleMapsTarget.bundle/GoogleMaps.bundle/GMSCoreResources.bundle/ic_covid_medical_waypoint_alert_night_32pt@3x.png ... 
2026-08-12 09:07:05 +0000  1066 bytes for ./Payload/OverPar.app/GoogleMaps_GoogleMapsTarget.bundle/GoogleMaps.bundle/GMSCoreResources.bundle/ic_covid_medical_waypoint_alert_night_32pt@3x.png
2026-08-12 09:07:05 +0000  copying file ./Payload/OverPar.app/GoogleMaps_GoogleMapsTarget.bundle/GoogleMaps.bundle/GMSCoreResources.bundle/measle_C@3x.png ... 
2026-08-12 09:07:05 +0000  4247 bytes for ./Payload/OverPar.app/GoogleMaps_GoogleMapsTarget.bundle/GoogleMaps.bundle/GMSCoreResources.bundle/measle_C@3x.png
2026-08-12 09:07:05 +0000  copying file ./Payload/OverPar.app/GoogleMaps_GoogleMapsTarget.bundle/GoogleMaps.bundle/GMSCoreResources.bundle/az.lproj/GMSCore.strings ... 
2026-08-12 09:07:05 +0000  6267 bytes for ./Payload/OverPar.app/GoogleMaps_GoogleMapsTarget.bundle/GoogleMaps.bundle/GMSCoreResources.bundle/az.lproj/GMSCore.strings
2026-08-12 09:07:05 +0000  copying file ./Payload/OverPar.app/GoogleMaps_GoogleMapsTarget.bundle/GoogleMaps.bundle/GMSCoreResources.bundle/measle_J.png ... 
2026-08-12 09:07:05 +0000  804 bytes for ./Payload/OverPar.app/GoogleMaps_GoogleMapsTarget.bundle/GoogleMaps.bundle/GMSCoreResources.bundle/measle_J.png
2026-08-12 09:07:05 +0000  copying file ./Payload/OverPar.app/GoogleMaps_GoogleMapsTarget.bundle/GoogleMaps.bundle/GMSCoreResources.bundle/measle_H.png ... 
2026-08-12 09:07:05 +0000  800 bytes for ./Payload/OverPar.app/GoogleMaps_GoogleMapsTarget.bundle/GoogleMaps.bundle/GMSCoreResources.bundle/measle_H.png
2026-08-12 09:07:05 +0000  copying file ./Payload/OverPar.app/GoogleMaps_GoogleMapsTarget.bundle/GoogleMaps.bundle/GMSCoreResources.bundle/road_64-16.png ... 
2026-08-12 09:07:05 +0000  425 bytes for ./Payload/OverPar.app/GoogleMaps_GoogleMapsTarget.bundle/GoogleMaps.bundle/GMSCoreResources.bundle/road_64-16.png
2026-08-12 09:07:05 +0000  copying file ./Payload/OverPar.app/GoogleMaps_GoogleMapsTarget.bundle/GoogleMaps.bundle/GMSCoreResources.bundle/GMSSprites-0-3x.png ... 
2026-08-12 09:07:05 +0000  110342 bytes for ./Payload/OverPar.app/GoogleMaps_GoogleMapsTarget.bundle/GoogleMaps.bundle/GMSCoreResources.bundle/GMSSprites-0-3x.png
2026-08-12 09:07:05 +0000  copying file ./Payload/OverPar.app/GoogleMaps_GoogleMapsTarget.bundle/GoogleMaps.bundle/GMSCoreResources.bundle/polyline_colors_texture.png ... 
2026-08-12 09:07:05 +0000  7433 bytes for ./Payload/OverPar.app/GoogleMaps_GoogleMapsTarget.bundle/GoogleMaps.bundle/GMSCoreResources.bundle/polyline_colors_texture.png
2026-08-12 09:07:05 +0000  copying file ./Payload/OverPar.app/GoogleMaps_GoogleMapsTarget.bundle/GoogleMaps.bundle/GMSCoreResources.bundle/ic_compass_needle.png ... 
2026-08-12 09:07:05 +0000  483 bytes for ./Payload/OverPar.app/GoogleMaps_GoogleMapsTarget.bundle/GoogleMaps.bundle/GMSCoreResources.bundle/ic_compass_needle.png
2026-08-12 09:07:05 +0000  copying file ./Payload/OverPar.app/GoogleMaps_GoogleMapsTarget.bundle/GoogleMaps.bundle/GMSCoreResources.bundle/GMSShadersSim.metallib ... 
2026-08-12 09:07:05 +0000  241000 bytes for ./Payload/OverPar.app/GoogleMaps_GoogleMapsTarget.bundle/GoogleMaps.bundle/GMSCoreResources.bundle/GMSShadersSim.metallib
2026-08-12 09:07:05 +0000  copying file ./Payload/OverPar.app/GoogleMaps_GoogleMapsTarget.bundle/GoogleMaps.bundle/GMSCoreResources.bundle/ic_covid_border_waypoint_alert_32pt@2x.png ... 
2026-08-12 09:07:05 +0000  1012 bytes for ./Payload/OverPar.app/GoogleMaps_GoogleMapsTarget.bundle/GoogleMaps.bundle/GMSCoreResources.bundle/ic_covid_border_waypoint_alert_32pt@2x.png
2026-08-12 09:07:05 +0000  copying file ./Payload/OverPar.app/GoogleMaps_GoogleMapsTarget.bundle/GoogleMaps.bundle/GMSCoreResources.bundle/ic_closed_place_waypoint_alert_night_32pt@2x.png ... 
2026-08-12 09:07:05 +0000  1069 bytes for ./Payload/OverPar.app/GoogleMaps_GoogleMapsTarget.bundle/GoogleMaps.bundle/GMSCoreResources.bundle/ic_closed_place_waypoint_alert_night_32pt@2x.png
2026-08-12 09:07:05 +0000  copying file ./Payload/OverPar.app/GoogleMaps_GoogleMapsTarget.bundle/GoogleMaps.bundle/GMSCoreResources.bundle/GMSMapColors2NavNightModeSprites-0-3x.png ... 
2026-08-12 09:07:05 +0000  12110 bytes for ./Payload/OverPar.app/GoogleMaps_GoogleMapsTarget.bundle/GoogleMaps.bundle/GMSCoreResources.bundle/GMSMapColors2NavNightModeSprites-0-3x.png
2026-08-12 09:07:05 +0000  copying file ./Payload/OverPar.app/GoogleMaps_GoogleMapsTarget.bundle/GoogleMaps.bundle/GMSCoreResources.bundle/measle_I.png ... 
2026-08-12 09:07:05 +0000  776 bytes for ./Payload/OverPar.app/GoogleMaps_GoogleMapsTarget.bundle/GoogleMaps.bundle/GMSCoreResources.bundle/measle_I.png
2026-08-12 09:07:05 +0000  copying file ./Payload/OverPar.app/GoogleMaps_GoogleMapsTarget.bundle/GoogleMaps.bundle/GMSCoreResources.bundle/measle_M.png ... 
2026-08-12 09:07:05 +0000  860 bytes for ./Payload/OverPar.app/GoogleMaps_GoogleMapsTarget.bundle/GoogleMaps.bundle/GMSCoreResources.bundle/measle_M.png
2026-08-12 09:07:05 +0000  copying file ./Payload/OverPar.app/GoogleMaps_GoogleMapsTarget.bundle/GoogleMaps.bundle/GMSCoreResources.bundle/road_1-1.png ... 
2026-08-12 09:07:05 +0000  95 bytes for ./Payload/OverPar.app/GoogleMaps_GoogleMapsTarget.bundle/GoogleMaps.bundle/GMSCoreResources.bundle/road_1-1.png
2026-08-12 09:07:05 +0000  copying file ./Payload/OverPar.app/GoogleMaps_GoogleMapsTarget.bundle/GoogleMaps.bundle/GMSCoreResources.bundle/GMSMapColors2NavNightModeSprites-0-2x.png ... 
2026-08-12 09:07:05 +0000  7564 bytes for ./Payload/OverPar.app/GoogleMaps_GoogleMapsTarget.bundle/GoogleMaps.bundle/GMSCoreResources.bundle/GMSMapColors2NavNightModeSprites-0-2x.png
2026-08-12 09:07:05 +0000  copying file ./Payload/OverPar.app/GoogleMaps_GoogleMapsTarget.bundle/GoogleMaps.bundle/GMSCoreResources.bundle/ic_location_off.png ... 
2026-08-12 09:07:05 +0000  498 bytes for ./Payload/OverPar.app/GoogleMaps_GoogleMapsTarget.bundle/GoogleMaps.bundle/GMSCoreResources.bundle/ic_location_off.png
2026-08-12 09:07:05 +0000  copying file ./Payload/OverPar.app/GoogleMaps_GoogleMapsTarget.bundle/GoogleMaps.bundle/GMSCoreResources.bundle/ic_covid_border_waypoint_alert_32pt@3x.png ... 
2026-08-12 09:07:05 +0000  1353 bytes for ./Payload/OverPar.app/GoogleMaps_GoogleMapsTarget.bundle/GoogleMaps.bundle/GMSCoreResources.bundle/ic_covid_border_waypoint_alert_32pt@3x.png
2026-08-12 09:07:05 +0000  copying file ./Payload/OverPar.app/GoogleMaps_GoogleMapsTarget.bundle/GoogleMaps.bundle/GMSCoreResources.bundle/ic_closed_place_waypoint_alert_night_32pt@3x.png ... 
2026-08-12 09:07:05 +0000  1472 bytes for ./Payload/OverPar.app/GoogleMaps_GoogleMapsTarget.bundle/GoogleMaps.bundle/GMSCoreResources.bundle/ic_closed_place_waypoint_alert_night_32pt@3x.png
2026-08-12 09:07:05 +0000  copying file ./Payload/OverPar.app/GoogleMaps_GoogleMapsTarget.bundle/GoogleMaps.bundle/GMSCoreResources.bundle/ro.lproj/GMSCore.strings ... 
2026-08-12 09:07:05 +0000  5467 bytes for ./Payload/OverPar.app/GoogleMaps_GoogleMapsTarget.bundle/GoogleMaps.bundle/GMSCoreResources.bundle/ro.lproj/GMSCore.strings
2026-08-12 09:07:05 +0000  copying file ./Payload/OverPar.app/GoogleMaps_GoogleMapsTarget.bundle/GoogleMaps.bundle/GMSCoreResources.bundle/measle_blank.png ... 
2026-08-12 09:07:05 +0000  707 bytes for ./Payload/OverPar.app/GoogleMaps_GoogleMapsTarget.bundle/GoogleMaps.bundle/GMSCoreResources.bundle/measle_blank.png
2026-08-12 09:07:05 +0000  copying file ./Payload/OverPar.app/GoogleMaps_GoogleMapsTarget.bundle/GoogleMaps.bundle/GMSCoreResources.bundle/measle_L.png ... 
2026-08-12 09:07:05 +0000  787 bytes for ./Payload/OverPar.app/GoogleMaps_GoogleMapsTarget.bundle/GoogleMaps.bundle/GMSCoreResources.bundle/measle_L.png
2026-08-12 09:07:05 +0000  copying file ./Payload/OverPar.app/GoogleMaps_GoogleMapsTarget.bundle/GoogleMaps.bundle/GMSCoreResources.bundle/Info.plist ... 
2026-08-12 09:07:05 +0000  380 bytes for ./Payload/OverPar.app/GoogleMaps_GoogleMapsTarget.bundle/GoogleMaps.bundle/GMSCoreResources.bundle/Info.plist
2026-08-12 09:07:05 +0000  copying file ./Payload/OverPar.app/GoogleMaps_GoogleMapsTarget.bundle/GoogleMaps.bundle/GMSCoreResources.bundle/GMSSprites-0-2x.png ... 
2026-08-12 09:07:05 +0000  56533 bytes for ./Payload/OverPar.app/GoogleMaps_GoogleMapsTarget.bundle/GoogleMaps.bundle/GMSCoreResources.bundle/GMSSprites-0-2x.png
2026-08-12 09:07:05 +0000  copying file ./Payload/OverPar.app/GoogleMaps_GoogleMapsTarget.bundle/GoogleMaps.bundle/GMSCoreResources.bundle/measle_Y.png ... 
2026-08-12 09:07:05 +0000  834 bytes for ./Payload/OverPar.app/GoogleMaps_GoogleMapsTarget.bundle/GoogleMaps.bundle/GMSCoreResources.bundle/measle_Y.png
2026-08-12 09:07:05 +0000  copying file ./Payload/OverPar.app/GoogleMaps_GoogleMapsTarget.bundle/GoogleMaps.bundle/GMSCoreResources.bundle/measle_N.png ... 
2026-08-12 09:07:05 +0000  836 bytes for ./Payload/OverPar.app/GoogleMaps_GoogleMapsTarget.bundle/GoogleMaps.bundle/GMSCoreResources.bundle/measle_N.png
2026-08-12 09:07:05 +0000  copying file ./Payload/OverPar.app/GoogleMaps_GoogleMapsTarget.bundle/GoogleMaps.bundle/GMSCoreResources.bundle/measle_C@2x.png ... 
2026-08-12 09:07:05 +0000  2208 bytes for ./Payload/OverPar.app/GoogleMaps_GoogleMapsTarget.bundle/GoogleMaps.bundle/GMSCoreResources.bundle/measle_C@2x.png
2026-08-12 09:07:05 +0000  copying file ./Payload/OverPar.app/GoogleMaps_GoogleMapsTarget.bundle/GoogleMaps.bundle/GMSCoreResources.bundle/ic_covid_medical_waypoint_alert_night_32pt.png ... 
2026-08-12 09:07:05 +0000  382 bytes for ./Payload/OverPar.app/GoogleMaps_GoogleMapsTarget.bundle/GoogleMaps.bundle/GMSCoreResources.bundle/ic_covid_medical_waypoint_alert_night_32pt.png
2026-08-12 09:07:05 +0000  copying file ./Payload/OverPar.app/GoogleMaps_GoogleMapsTarget.bundle/GoogleMaps.bundle/GMSCoreResources.bundle/ic_covid_checkpoint_waypoint_alert_32pt.png ... 
2026-08-12 09:07:05 +0000  601 bytes for ./Payload/OverPar.app/GoogleMaps_GoogleMapsTarget.bundle/GoogleMaps.bundle/GMSCoreResources.bundle/ic_covid_checkpoint_waypoint_alert_32pt.png
2026-08-12 09:07:05 +0000  copying file ./Payload/OverPar.app/GoogleMaps_GoogleMapsTarget.bundle/GoogleMaps.bundle/GMSCoreResources.bundle/ic_covid_medical_waypoint_alert_night_32pt@2x.png ... 
2026-08-12 09:07:05 +0000  825 bytes for ./Payload/OverPar.app/GoogleMaps_GoogleMapsTarget.bundle/GoogleMaps.bundle/GMSCoreResources.bundle/ic_covid_medical_waypoint_alert_night_32pt@2x.png
2026-08-12 09:07:05 +0000  copying file ./Payload/OverPar.app/GoogleMaps_GoogleMapsTarget.bundle/GoogleMaps.bundle/GMSCoreResources.bundle/measle_U@3x.png ... 
2026-08-12 09:07:05 +0000  4120 bytes for ./Payload/OverPar.app/GoogleMaps_GoogleMapsTarget.bundle/GoogleMaps.bundle/GMSCoreResources.bundle/measle_U@3x.png
2026-08-12 09:07:05 +0000  copying file ./Payload/OverPar.app/GoogleMaps_GoogleMapsTarget.bundle/GoogleMaps.bundle/GMSCoreResources.bundle/measle_Y@3x.png ... 
2026-08-12 09:07:05 +0000  4118 bytes for ./Payload/OverPar.app/GoogleMaps_GoogleMapsTarget.bundle/GoogleMaps.bundle/GMSCoreResources.bundle/measle_Y@3x.png
2026-08-12 09:07:05 +0000  copying file ./Payload/OverPar.app/GoogleMaps_GoogleMapsTarget.bundle/GoogleMaps.bundle/GMSCoreResources.bundle/button_compass_night@2x.png ... 
2026-08-12 09:07:05 +0000  2221 bytes for ./Payload/OverPar.app/GoogleMaps_GoogleMapsTarget.bundle/GoogleMaps.bundle/GMSCoreResources.bundle/button_compass_night@2x.png
2026-08-12 09:07:05 +0000  copying file ./Payload/OverPar.app/GoogleMaps_GoogleMapsTarget.bundle/GoogleMaps.bundle/GMSCoreResources.bundle/button_compass@2x.png ... 
2026-08-12 09:07:05 +0000  2560 bytes for ./Payload/OverPar.app/GoogleMaps_GoogleMapsTarget.bundle/GoogleMaps.bundle/GMSCoreResources.bundle/button_compass@2x.png
2026-08-12 09:07:05 +0000  copying file ./Payload/OverPar.app/GoogleMaps_GoogleMapsTarget.bundle/GoogleMaps.bundle/GMSCoreResources.bundle/measle_O@2x.png ... 
2026-08-12 09:07:05 +0000  2222 bytes for ./Payload/OverPar.app/GoogleMaps_GoogleMapsTarget.bundle/GoogleMaps.bundle/GMSCoreResources.bundle/measle_O@2x.png
2026-08-12 09:07:05 +0000  copying file ./Payload/OverPar.app/GoogleMaps_GoogleMapsTarget.bundle/GoogleMaps.bundle/GMSCoreResources.bundle/measle_blank@2x.png ... 
2026-08-12 09:07:05 +0000  1575 bytes for ./Payload/OverPar.app/GoogleMaps_GoogleMapsTarget.bundle/GoogleMaps.bundle/GMSCoreResources.bundle/measle_blank@2x.png
2026-08-12 09:07:05 +0000  copying file ./Payload/OverPar.app/GoogleMaps_GoogleMapsTarget.bundle/GoogleMaps.bundle/GMSCoreResources.bundle/measle_A@3x.png ... 
2026-08-12 09:07:05 +0000  4214 bytes for ./Payload/OverPar.app/GoogleMaps_GoogleMapsTarget.bundle/GoogleMaps.bundle/GMSCoreResources.bundle/measle_A@3x.png
2026-08-12 09:07:05 +0000  copying file ./Payload/OverPar.app/GoogleMaps_GoogleMapsTarget.bundle/GoogleMaps.bundle/GMSCoreResources.bundle/hr.lproj/GMSCore.strings ... 
2026-08-12 09:07:05 +0000  5157 bytes for ./Payload/OverPar.app/GoogleMaps_GoogleMapsTarget.bundle/GoogleMaps.bundle/GMSCoreResources.bundle/hr.lproj/GMSCore.strings
2026-08-12 09:07:05 +0000  copying file ./Payload/OverPar.app/GoogleMaps_GoogleMapsTarget.bundle/GoogleMaps.bundle/GMSCoreResources.bundle/hi.lproj/GMSCore.strings ... 
2026-08-12 09:07:05 +0000  6486 bytes for ./Payload/OverPar.app/GoogleMaps_GoogleMapsTarget.bundle/GoogleMaps.bundle/GMSCoreResources.bundle/hi.lproj/GMSCore.strings
2026-08-12 09:07:05 +0000  copying file ./Payload/OverPar.app/GoogleMaps_GoogleMapsTarget.bundle/GoogleMaps.bundle/GMSCoreResources.bundle/measle_W@2x.png ... 
2026-08-12 09:07:05 +0000  2298 bytes for ./Payload/OverPar.app/GoogleMaps_GoogleMapsTarget.bundle/GoogleMaps.bundle/GMSCoreResources.bundle/measle_W@2x.png
2026-08-12 09:07:05 +0000  copying file ./Payload/OverPar.app/GoogleMaps_GoogleMapsTarget.bundle/GoogleMaps.bundle/GMSCoreResources.bundle/ca.lproj/GMSCore.strings ... 
2026-08-12 09:07:05 +0000  5408 bytes for ./Payload/OverPar.app/GoogleMaps_GoogleMapsTarget.bundle/GoogleMaps.bundle/GMSCoreResources.bundle/ca.lproj/GMSCore.strings
2026-08-12 09:07:05 +0000  copying file ./Payload/OverPar.app/GoogleMaps_GoogleMapsTarget.bundle/GoogleMaps.bundle/GMSCoreResources.bundle/ic_compass_needle_32pt@3x.png ... 
2026-08-12 09:07:05 +0000  1962 bytes for ./Payload/OverPar.app/GoogleMaps_GoogleMapsTarget.bundle/GoogleMaps.bundle/GMSCoreResources.bundle/ic_compass_needle_32pt@3x.png
2026-08-12 09:07:05 +0000  copying file ./Payload/OverPar.app/GoogleMaps_GoogleMapsTarget.bundle/GoogleMaps.bundle/GMSCoreResources.bundle/measle_M@3x.png ... 
2026-08-12 09:07:05 +0000  4281 bytes for ./Payload/OverPar.app/GoogleMaps_GoogleMapsTarget.bundle/GoogleMaps.bundle/GMSCoreResources.bundle/measle_M@3x.png
2026-08-12 09:07:05 +0000  copying file ./Payload/OverPar.app/GoogleMaps_GoogleMapsTarget.bundle/GoogleMaps.bundle/GMSCoreResources.bundle/ic_covid_checkpoint_waypoint_alert_night_32pt@2x.png ... 
2026-08-12 09:07:05 +0000  1380 bytes for ./Payload/OverPar.app/GoogleMaps_GoogleMapsTarget.bundle/GoogleMaps.bundle/GMSCoreResources.bundle/ic_covid_checkpoint_waypoint_alert_night_32pt@2x.png
2026-08-12 09:07:05 +0000  copying file ./Payload/OverPar.app/GoogleMaps_GoogleMapsTarget.bundle/GoogleMaps.bundle/GMSCoreResources.bundle/measle_O.png ... 
2026-08-12 09:07:05 +0000  857 bytes for ./Payload/OverPar.app/GoogleMaps_GoogleMapsTarget.bundle/GoogleMaps.bundle/GMSCoreResources.bundle/measle_O.png
2026-08-12 09:07:05 +0000  copying file ./Payload/OverPar.app/GoogleMaps_GoogleMapsTarget.bundle/GoogleMaps.bundle/GMSCoreResources.bundle/measle_X.png ... 
2026-08-12 09:07:05 +0000  849 bytes for ./Payload/OverPar.app/GoogleMaps_GoogleMapsTarget.bundle/GoogleMaps.bundle/GMSCoreResources.bundle/measle_X.png
2026-08-12 09:07:05 +0000  copying file ./Payload/OverPar.app/GoogleMaps_GoogleMapsTarget.bundle/GoogleMaps.bundle/my.lproj/MapsSDKAccessibility.strings ... 
2026-08-12 09:07:05 +0000  207 bytes for ./Payload/OverPar.app/GoogleMaps_GoogleMapsTarget.bundle/GoogleMaps.bundle/my.lproj/MapsSDKAccessibility.strings
2026-08-12 09:07:05 +0000  copying file ./Payload/OverPar.app/GoogleMaps_GoogleMapsTarget.bundle/GoogleMaps.bundle/ic_error@3x.png ... 
2026-08-12 09:07:05 +0000  743 bytes for ./Payload/OverPar.app/GoogleMaps_GoogleMapsTarget.bundle/GoogleMaps.bundle/ic_error@3x.png
2026-08-12 09:07:05 +0000  copying file ./Payload/OverPar.app/GoogleMaps_GoogleMapsTarget.bundle/GoogleMaps.bundle/hu.lproj/MapsSDKAccessibility.strings ... 
2026-08-12 09:07:05 +0000  207 bytes for ./Payload/OverPar.app/GoogleMaps_GoogleMapsTarget.bundle/GoogleMaps.bundle/hu.lproj/MapsSDKAccessibility.strings
2026-08-12 09:07:05 +0000  copying file ./Payload/OverPar.app/GoogleMaps_GoogleMapsTarget.bundle/GoogleMaps.bundle/zh_HK.lproj/MapsSDKAccessibility.strings ... 
2026-08-12 09:07:05 +0000  137 bytes for ./Payload/OverPar.app/GoogleMaps_GoogleMapsTarget.bundle/GoogleMaps.bundle/zh_HK.lproj/MapsSDKAccessibility.strings
2026-08-12 09:07:05 +0000  copying file ./Payload/OverPar.app/GoogleMaps_GoogleMapsTarget.bundle/GoogleMaps.bundle/ka.lproj/MapsSDKAccessibility.strings ... 
2026-08-12 09:07:05 +0000  191 bytes for ./Payload/OverPar.app/GoogleMaps_GoogleMapsTarget.bundle/GoogleMaps.bundle/ka.lproj/MapsSDKAccessibility.strings
2026-08-12 09:07:05 +0000  copying file ./Payload/OverPar.app/GoogleMaps_GoogleMapsTarget.bundle/GoogleMaps.bundle/oss_licenses_maps.txt.gz ... 
2026-08-12 09:07:05 +0000  120982 bytes for ./Payload/OverPar.app/GoogleMaps_GoogleMapsTarget.bundle/GoogleMaps.bundle/oss_licenses_maps.txt.gz
2026-08-12 09:07:05 +0000  copying file ./Payload/OverPar.app/GoogleMaps_GoogleMapsTarget.bundle/GoogleMaps.bundle/Assets.car ... 
2026-08-12 09:07:05 +0000  59960 bytes for ./Payload/OverPar.app/GoogleMaps_GoogleMapsTarget.bundle/GoogleMaps.bundle/Assets.car
2026-08-12 09:07:05 +0000  copying file ./Payload/OverPar.app/GoogleMaps_GoogleMapsTarget.bundle/GoogleMaps.bundle/tr.lproj/MapsSDKAccessibility.strings ... 
2026-08-12 09:07:05 +0000  217 bytes for ./Payload/OverPar.app/GoogleMaps_GoogleMapsTarget.bundle/GoogleMaps.bundle/tr.lproj/MapsSDKAccessibility.strings
2026-08-12 09:07:05 +0000  copying file ./Payload/OverPar.app/GoogleMaps_GoogleMapsTarget.bundle/GoogleMaps.bundle/pl.lproj/MapsSDKAccessibility.strings ... 
2026-08-12 09:07:05 +0000  237 bytes for ./Payload/OverPar.app/GoogleMaps_GoogleMapsTarget.bundle/GoogleMaps.bundle/pl.lproj/MapsSDKAccessibility.strings
2026-08-12 09:07:05 +0000  copying file ./Payload/OverPar.app/GoogleMaps_GoogleMapsTarget.bundle/GoogleMaps.bundle/bubble_right.png ... 
2026-08-12 09:07:05 +0000  455 bytes for ./Payload/OverPar.app/GoogleMaps_GoogleMapsTarget.bundle/GoogleMaps.bundle/bubble_right.png
2026-08-12 09:07:05 +0000  copying file ./Payload/OverPar.app/GoogleMaps_GoogleMapsTarget.bundle/GoogleMaps.bundle/zh_TW.lproj/MapsSDKAccessibility.strings ... 
2026-08-12 09:07:05 +0000  137 bytes for ./Payload/OverPar.app/GoogleMaps_GoogleMapsTarget.bundle/GoogleMaps.bundle/zh_TW.lproj/MapsSDKAccessibility.strings
2026-08-12 09:07:05 +0000  copying file ./Payload/OverPar.app/GoogleMaps_GoogleMapsTarget.bundle/GoogleMaps.bundle/en_GB.lproj/MapsSDKAccessibility.strings ... 
2026-08-12 09:07:05 +0000  152 bytes for ./Payload/OverPar.app/GoogleMaps_GoogleMapsTarget.bundle/GoogleMaps.bundle/en_GB.lproj/MapsSDKAccessibility.strings
2026-08-12 09:07:05 +0000  copying file ./Payload/OverPar.app/GoogleMaps_GoogleMapsTarget.bundle/GoogleMaps.bundle/vi.lproj/MapsSDKAccessibility.strings ... 
2026-08-12 09:07:05 +0000  209 bytes for ./Payload/OverPar.app/GoogleMaps_GoogleMapsTarget.bundle/GoogleMaps.bundle/vi.lproj/MapsSDKAccessibility.strings
2026-08-12 09:07:05 +0000  copying file ./Payload/OverPar.app/GoogleMaps_GoogleMapsTarget.bundle/GoogleMaps.bundle/PrivacyInfo.xcprivacy ... 
2026-08-12 09:07:05 +0000  3171 bytes for ./Payload/OverPar.app/GoogleMaps_GoogleMapsTarget.bundle/GoogleMaps.bundle/PrivacyInfo.xcprivacy
2026-08-12 09:07:05 +0000  copying file ./Payload/OverPar.app/GoogleMaps_GoogleMapsTarget.bundle/GoogleMaps.bundle/lt.lproj/MapsSDKAccessibility.strings ... 
2026-08-12 09:07:05 +0000  203 bytes for ./Payload/OverPar.app/GoogleMaps_GoogleMapsTarget.bundle/GoogleMaps.bundle/lt.lproj/MapsSDKAccessibility.strings
2026-08-12 09:07:05 +0000  copying file ./Payload/OverPar.app/GoogleMaps_GoogleMapsTarget.bundle/GoogleMaps.bundle/ru.lproj/MapsSDKAccessibility.strings ... 
2026-08-12 09:07:05 +0000  215 bytes for ./Payload/OverPar.app/GoogleMaps_GoogleMapsTarget.bundle/GoogleMaps.bundle/ru.lproj/MapsSDKAccessibility.strings
2026-08-12 09:07:05 +0000  copying file ./Payload/OverPar.app/GoogleMaps_GoogleMapsTarget.bundle/GoogleMaps.bundle/ic_error@2x.png ... 
2026-08-12 09:07:05 +0000  454 bytes for ./Payload/OverPar.app/GoogleMaps_GoogleMapsTarget.bundle/GoogleMaps.bundle/ic_error@2x.png
2026-08-12 09:07:05 +0000  copying file ./Payload/OverPar.app/GoogleMaps_GoogleMapsTarget.bundle/GoogleMaps.bundle/fr_CA.lproj/MapsSDKAccessibility.strings ... 
2026-08-12 09:07:05 +0000  221 bytes for ./Payload/OverPar.app/GoogleMaps_GoogleMapsTarget.bundle/GoogleMaps.bundle/fr_CA.lproj/MapsSDKAccessibility.strings
2026-08-12 09:07:05 +0000  copying file ./Payload/OverPar.app/GoogleMaps_GoogleMapsTarget.bundle/GoogleMaps.bundle/uz.lproj/MapsSDKAccessibility.strings ... 
2026-08-12 09:07:05 +0000  168 bytes for ./Payload/OverPar.app/GoogleMaps_GoogleMapsTarget.bundle/GoogleMaps.bundle/uz.lproj/MapsSDKAccessibility.strings
2026-08-12 09:07:05 +0000  copying file ./Payload/OverPar.app/GoogleMaps_GoogleMapsTarget.bundle/GoogleMaps.bundle/fr.lproj/MapsSDKAccessibility.strings ... 
2026-08-12 09:07:05 +0000  211 bytes for ./Payload/OverPar.app/GoogleMaps_GoogleMapsTarget.bundle/GoogleMaps.bundle/fr.lproj/MapsSDKAccessibility.strings
2026-08-12 09:07:05 +0000  copying file ./Payload/OverPar.app/GoogleMaps_GoogleMapsTarget.bundle/GoogleMaps.bundle/fi.lproj/MapsSDKAccessibility.strings ... 
2026-08-12 09:07:05 +0000  180 bytes for ./Payload/OverPar.app/GoogleMaps_GoogleMapsTarget.bundle/GoogleMaps.bundle/fi.lproj/MapsSDKAccessibility.strings
2026-08-12 09:07:05 +0000  copying file ./Payload/OverPar.app/GoogleMaps_GoogleMapsTarget.bundle/GoogleMaps.bundle/id.lproj/MapsSDKAccessibility.strings ... 
2026-08-12 09:07:05 +0000  155 bytes for ./Payload/OverPar.app/GoogleMaps_GoogleMapsTarget.bundle/GoogleMaps.bundle/id.lproj/MapsSDKAccessibility.strings
2026-08-12 09:07:05 +0000  copying file ./Payload/OverPar.app/GoogleMaps_GoogleMapsTarget.bundle/GoogleMaps.bundle/nl.lproj/MapsSDKAccessibility.strings ... 
2026-08-12 09:07:05 +0000  169 bytes for ./Payload/OverPar.app/GoogleMaps_GoogleMapsTarget.bundle/GoogleMaps.bundle/nl.lproj/MapsSDKAccessibility.strings
2026-08-12 09:07:05 +0000  copying file ./Payload/OverPar.app/GoogleMaps_GoogleMapsTarget.bundle/GoogleMaps.bundle/th.lproj/MapsSDKAccessibility.strings ... 
2026-08-12 09:07:05 +0000  189 bytes for ./Payload/OverPar.app/GoogleMaps_GoogleMapsTarget.bundle/GoogleMaps.bundle/th.lproj/MapsSDKAccessibility.strings
2026-08-12 09:07:05 +0000  copying file ./Payload/OverPar.app/GoogleMaps_GoogleMapsTarget.bundle/GoogleMaps.bundle/GMSCacheStorage.momd/Storage.mom ... 
2026-08-12 09:07:05 +0000  4696 bytes for ./Payload/OverPar.app/GoogleMaps_GoogleMapsTarget.bundle/GoogleMaps.bundle/GMSCacheStorage.momd/Storage.mom
2026-08-12 09:07:05 +0000  copying file ./Payload/OverPar.app/GoogleMaps_GoogleMapsTarget.bundle/GoogleMaps.bundle/GMSCacheStorage.momd/VersionInfo.plist ... 
2026-08-12 09:07:05 +0000  1461 bytes for ./Payload/OverPar.app/GoogleMaps_GoogleMapsTarget.bundle/GoogleMaps.bundle/GMSCacheStorage.momd/VersionInfo.plist
2026-08-12 09:07:05 +0000  copying file ./Payload/OverPar.app/GoogleMaps_GoogleMapsTarget.bundle/GoogleMaps.bundle/GMSCacheStorage.momd/StorageWithTileProto.mom ... 
2026-08-12 09:07:05 +0000  5292 bytes for ./Payload/OverPar.app/GoogleMaps_GoogleMapsTarget.bundle/GoogleMaps.bundle/GMSCacheStorage.momd/StorageWithTileProto.mom
2026-08-12 09:07:05 +0000  copying file ./Payload/OverPar.app/GoogleMaps_GoogleMapsTarget.bundle/GoogleMaps.bundle/GMSCacheStorage.momd/StorageWithTileVersionID.mom ... 
2026-08-12 09:07:05 +0000  4802 bytes for ./Payload/OverPar.app/GoogleMaps_GoogleMapsTarget.bundle/GoogleMaps.bundle/GMSCacheStorage.momd/StorageWithTileVersionID.mom
2026-08-12 09:07:05 +0000  copying file ./Payload/OverPar.app/GoogleMaps_GoogleMapsTarget.bundle/GoogleMaps.bundle/az.lproj/MapsSDKAccessibility.strings ... 
2026-08-12 09:07:05 +0000  213 bytes for ./Payload/OverPar.app/GoogleMaps_GoogleMapsTarget.bundle/GoogleMaps.bundle/az.lproj/MapsSDKAccessibility.strings
2026-08-12 09:07:05 +0000  copying file ./Payload/OverPar.app/GoogleMaps_GoogleMapsTarget.bundle/GoogleMaps.bundle/ro.lproj/MapsSDKAccessibility.strings ... 
2026-08-12 09:07:05 +0000  194 bytes for ./Payload/OverPar.app/GoogleMaps_GoogleMapsTarget.bundle/GoogleMaps.bundle/ro.lproj/MapsSDKAccessibility.strings
2026-08-12 09:07:05 +0000  copying file ./Payload/OverPar.app/GoogleMaps_GoogleMapsTarget.bundle/GoogleMaps.bundle/Info.plist ... 
2026-08-12 09:07:05 +0000  366 bytes for ./Payload/OverPar.app/GoogleMaps_GoogleMapsTarget.bundle/GoogleMaps.bundle/Info.plist
2026-08-12 09:07:05 +0000  copying file ./Payload/OverPar.app/GoogleMaps_GoogleMapsTarget.bundle/GoogleMaps.bundle/hr.lproj/MapsSDKAccessibility.strings ... 
2026-08-12 09:07:05 +0000  186 bytes for ./Payload/OverPar.app/GoogleMaps_GoogleMapsTarget.bundle/GoogleMaps.bundle/hr.lproj/MapsSDKAccessibility.strings
2026-08-12 09:07:05 +0000  copying file ./Payload/OverPar.app/GoogleMaps_GoogleMapsTarget.bundle/GoogleMaps.bundle/hi.lproj/MapsSDKAccessibility.strings ... 
2026-08-12 09:07:05 +0000  201 bytes for ./Payload/OverPar.app/GoogleMaps_GoogleMapsTarget.bundle/GoogleMaps.bundle/hi.lproj/MapsSDKAccessibility.strings
2026-08-12 09:07:05 +0000  copying file ./Payload/OverPar.app/GoogleMaps_GoogleMapsTarget.bundle/GoogleMaps.bundle/ca.lproj/MapsSDKAccessibility.strings ... 
2026-08-12 09:07:05 +0000  219 bytes for ./Payload/OverPar.app/GoogleMaps_GoogleMapsTarget.bundle/GoogleMaps.bundle/ca.lproj/MapsSDKAccessibility.strings
2026-08-12 09:07:05 +0000  copying file ./Payload/OverPar.app/GoogleMaps_GoogleMapsTarget.bundle/Info.plist ... 
2026-08-12 09:07:05 +0000  708 bytes for ./Payload/OverPar.app/GoogleMaps_GoogleMapsTarget.bundle/Info.plist
2026-08-12 09:07:05 +0000  copying file ./Payload/OverPar.app/AppIcon76x76@2x~ipad.png ... 
2026-08-12 09:07:05 +0000  18219 bytes for ./Payload/OverPar.app/AppIcon76x76@2x~ipad.png
2026-08-12 09:07:05 +0000  copying file ./Payload/OverPar.app/PrivacyInfo.xcprivacy ... 
2026-08-12 09:07:05 +0000  898 bytes for ./Payload/OverPar.app/PrivacyInfo.xcprivacy
2026-08-12 09:07:05 +0000  copying file ./Payload/OverPar.app/embedded.mobileprovision ... 
2026-08-12 09:07:05 +0000  12300 bytes for ./Payload/OverPar.app/embedded.mobileprovision
2026-08-12 09:07:05 +0000  copying file ./Payload/OverPar.app/Info.plist ... 
2026-08-12 09:07:05 +0000  1795 bytes for ./Payload/OverPar.app/Info.plist
2026-08-12 09:07:05 +0000  copying file ./Payload/OverPar.app/PkgInfo ... 
2026-08-12 09:07:05 +0000  8 bytes for ./Payload/OverPar.app/PkgInfo
2026-08-12 09:07:05 +0000 [MT] /usr/bin/ditto exited with 0
2026-08-12 09:07:05 +0000 [MT] Processing step: IDEDistributionAppStoreInformationStep
2026-08-12 09:07:05 +0000 [MT] Skipping step: IDEDistributionAppStoreInformationStep because it said so
2026-08-12 09:07:05 +0000 [MT] Processing step: IDEDistributionGenerateProcessedDistributionItems
2026-08-12 09:07:05 +0000 [MT] IDEDistributionItem init <DVTFilePath:0x74e62a4240:'/var/folders/lk/h8sdlmxx2c90k1djh_9n50pr0000gn/T/XcodeDistPipeline.~~~OyuXTf/Root/Payload/OverPar.app'>
2026-08-12 09:07:05 +0000 [MT] Processing step: IDEDistributionCreateManifestStep
